-- MySQL dump 10.13  Distrib 5.5.38, for Win32 (x86)
--
-- Host: localhost    Database: pymenta
-- ------------------------------------------------------
-- Server version	5.5.38

/*!40101 SET @OLD_CHARACTER_SET_CLIENT=@@CHARACTER_SET_CLIENT */;
/*!40101 SET @OLD_CHARACTER_SET_RESULTS=@@CHARACTER_SET_RESULTS */;
/*!40101 SET @OLD_COLLATION_CONNECTION=@@COLLATION_CONNECTION */;
/*!40101 SET NAMES utf8 */;
/*!40103 SET @OLD_TIME_ZONE=@@TIME_ZONE */;
/*!40103 SET TIME_ZONE='+00:00' */;
/*!40014 SET @OLD_UNIQUE_CHECKS=@@UNIQUE_CHECKS, UNIQUE_CHECKS=0 */;
/*!40014 SET @OLD_FOREIGN_KEY_CHECKS=@@FOREIGN_KEY_CHECKS, FOREIGN_KEY_CHECKS=0 */;
/*!40101 SET @OLD_SQL_MODE=@@SQL_MODE, SQL_MODE='NO_AUTO_VALUE_ON_ZERO' */;
/*!40111 SET @OLD_SQL_NOTES=@@SQL_NOTES, SQL_NOTES=0 */;

--
-- Table structure for table `accounts`
--

DROP TABLE IF EXISTS `accounts`;
/*!40101 SET @saved_cs_client     = @@character_set_client */;
/*!40101 SET character_set_client = utf8 */;
CREATE TABLE `accounts` (
  `id` varchar(36) DEFAULT NULL,
  `version` varchar(255) DEFAULT NULL,
  `domain` varchar(255) DEFAULT NULL,
  `username` varchar(255) DEFAULT NULL,
  `code` varchar(255) DEFAULT NULL,
  `name` varchar(255) DEFAULT NULL,
  `type` varchar(255) DEFAULT NULL,
  `debit_credit` tinyint(1) DEFAULT NULL,
  `balance` decimal(10,0) DEFAULT NULL,
  `balance_b` decimal(10,0) DEFAULT NULL,
  `id_number1` varchar(255) DEFAULT NULL,
  `id_number2` varchar(255) DEFAULT NULL,
  `address` varchar(255) DEFAULT NULL,
  `city` varchar(255) DEFAULT NULL,
  `state` varchar(255) DEFAULT NULL,
  `country` varchar(255) DEFAULT NULL,
  `zip_code` varchar(255) DEFAULT NULL,
  `telephone` varchar(255) DEFAULT NULL,
  `fax` varchar(255) DEFAULT NULL,
  `email` varchar(255) DEFAULT NULL,
  `web` varchar(255) DEFAULT NULL,
  `contact` varchar(255) DEFAULT NULL,
  `observations` varchar(255) DEFAULT NULL,
  `created_at` datetime NOT NULL,
  `updated_at` datetime NOT NULL
) ENGINE=InnoDB DEFAULT CHARSET=latin1;
/*!40101 SET character_set_client = @saved_cs_client */;

--
-- Dumping data for table `accounts`
--

LOCK TABLES `accounts` WRITE;
/*!40000 ALTER TABLE `accounts` DISABLE KEYS */;
/*!40000 ALTER TABLE `accounts` ENABLE KEYS */;
UNLOCK TABLES;

--
-- Table structure for table `brands`
--

DROP TABLE IF EXISTS `brands`;
SET @saved_cs_client     = @@character_set_client;
SET character_set_client = utf8;
CREATE TABLE `brands` (
  `id` varchar(255) NOT NULL default '',
  `version` varchar(255) default NULL,
  `code` varchar(255) NOT NULL,
  `description` varchar(255) NOT NULL,
  `domain` varchar(255) NOT NULL,
  `username` varchar(255) NOT NULL,
  `created_at` datetime default NULL,
  `updated_at` datetime default NULL,
  PRIMARY KEY  (`id`),
  UNIQUE KEY `domain` (`domain`,`code`)
) ENGINE=InnoDB DEFAULT CHARSET=latin1;
SET character_set_client = @saved_cs_client;

--
-- Dumping data for table `brands`
--

LOCK TABLES `brands` WRITE;
/*!40000 ALTER TABLE `brands` DISABLE KEYS */;
INSERT INTO `brands` VALUES ('1','2','100','SIN MARCAS','402880e5316ad7d601316adb99060001','manfergo25','2009-01-27 00:00:00',NULL),('10','1','1051','DODGE RAM','8a8ce6ed346cc2c4013485de799d0001','mocarman','2011-12-28 13:51:14',NULL),('11','1','1100','FORD FOCUS','8a8ce6ed346cc2c4013485de799d0001','mocarman','2011-12-28 17:10:42',NULL),('12','1','1101','FORD F150','8a8ce6ed346cc2c4013485de799d0001','mocarman','2011-12-28 17:29:36',NULL),('13','1','1102','FORD MUSTANG','8a8ce6ed346cc2c4013485de799d0001','mocarman','2011-12-28 17:39:47',NULL),('14','3','1150','HONDA CIVIC','8a8ce6ed346cc2c4013485de799d0001','mocarman','2011-12-28 17:44:15',NULL),('15','3','1250','JEEP GRAND CHEROKEE','8a8ce6ed346cc2c4013485de799d0001','mocarman','2011-12-28 17:48:09',NULL),('16','1','1350','TOYOTA CELICA','8a8ce6ed346cc2c4013485de799d0001','mocarman','2011-12-28 17:54:48',NULL),('17','1','1352','TOYOTA YARIS','8a8ce6ed346cc2c4013485de799d0001','mocarman','2011-12-28 17:55:04',NULL),('18','1','1353','TOYOTA 4RUNNER','8a8ce6ed346cc2c4013485de799d0001','mocarman','2011-12-28 17:55:36',NULL),('19','1','1000','CHEVY AVALANCHE','8a8ce6ed346cc2c4013485de799d0001','mocarman','2011-12-29 08:35:25',NULL),('2','0','101','HOGAR SIGLO XXI','402880e5316ad7d601316adb99060001','manfergo25','2009-01-27 00:00:00',NULL),('20','1','1300','NISSAN SENTRA','8a8ce6ed346cc2c4013485de799d0001','mocarman','2011-12-30 17:50:41',NULL),('21','1','1351','TOYOTA COROLLA','8a8ce6ed346cc2c4013485de799d0001','mocarman','2011-12-30 17:51:14',NULL),('22','3','1251','JEEP LIBERTY','8a8ce6ed346cc2c4013485de799d0001','mocarman','2011-12-30 18:39:55',NULL),('23','2','1200','HUMMER','8a8ce6ed346cc2c4013485de799d0001','mocarman','2011-12-30 18:42:12',NULL),('24','0','0000','GENERICO','8a8ce6ed346cc2c4013485de799d0001','mocarman','2011-12-30 19:10:55',NULL),('28','0','101','SIN MARCA','8a8ce6ed346cc2c40134c30d760f0003','fundator','2012-01-12 16:45:10',NULL),('29','0','1000','ARDELL','8a8ce6ed346cc2c40134f32bd7610004','mocar','2012-01-18 18:46:36',NULL),('3','0','101','NONE','8a53c76f3288b65c013288be9af50001','ben','2011-09-20 17:45:05',NULL),('30','0','1001','WAHL','8a8ce6ed346cc2c40134f32bd7610004','mocar','2012-01-18 20:07:44',NULL),('31','0','001','its good','8a53c76f3288b65c0132914e0e570002','guest','2012-02-10 20:06:14',NULL),('32','0','002','fghjkl','8a53c76f3288b65c0132914e0e570002','guest','2012-02-10 22:11:39',NULL),('33','0','123','clothes','8a53c76f3288b65c0132914e0e570002','guest','2012-02-24 23:28:03',NULL),('34','0','yuio','yuio','8a53c76f3288b65c0132914e0e570002','guest','2012-02-27 17:41:14',NULL),('35','0','2342424234234','423423j gfjg fgjdfgdf gjdfg tipgutrbgji rrghtrj  ','8a53c76f3288b65c0132914e0e570002','guest','2012-02-28 08:27:30',NULL),('36','0','2342','23234342','8a53c76f3288b65c0132914e0e570002','guest','2012-03-15 22:41:23',NULL),('37','0','1','Orient','8a73ed2e35bf77960136376eb2910001','gesualdo','2012-03-22 06:18:50',NULL),('38','0','1400','AUDI A3','8a8ce6ed346cc2c4013485de799d0001','mocarman','2012-03-31 10:38:03',NULL),('39','0','1450','MAZDA 3','8a8ce6ed346cc2c4013485de799d0001','mocarman','2012-03-31 10:38:42',NULL),('4','0','000','GUEST BRAND','8a53c76f3288b65c0132914e0e570002','guest','2011-09-22 09:23:47',NULL),('40','0','1500','VOLKSWAGEN GOLF','8a8ce6ed346cc2c4013485de799d0001','mocarman','2012-03-31 10:39:18',NULL),('402880e441a98a140141b7bbd3140037',NULL,'00','NINGUNO','402880e441a98a140141b7bbd2680036','compa','2013-10-14 11:40:41',NULL),('41','0','1103','FORD EXPLORER','8a8ce6ed346cc2c4013485de799d0001','mocarman','2012-04-14 13:08:50',NULL),('42','0','1104','FORD RANGER','8a8ce6ed346cc2c4013485de799d0001','mocarman','2012-04-17 17:31:37',NULL),('43','0','1501','VOLKSWAGEN JETTA','8a8ce6ed346cc2c4013485de799d0001','mocarman','2012-04-17 17:32:19',NULL),('44','0','test','test','8a53c76f3288b65c0132914e0e570002','guest','2012-04-26 10:26:25',NULL),('45','0','12345667','TheBrandOfAllBrands','8a53c76f3288b65c0132914e0e570002','guest','2012-05-23 11:58:03',NULL),('46','0','1052','DODGE DAKOTA','8a8ce6ed346cc2c4013485de799d0001','mocarman','2012-05-31 21:53:18',NULL),('47','0','213123123','Oakley','8a569bd537e6d4c50137f861e7d90003','tester123','2012-06-16 23:35:11',NULL),('48','0','BR1','BRAND1','8a569bd537e6d4c50138049587700004','praveen2609','2012-06-19 08:25:43',NULL),('49','0','wewre','rwerwer','8a53c76f3288b65c0132914e0e570002','guest','2012-06-22 09:28:38',NULL),('5','0','BRAND','Brand Ne La','8a7eeff0333275e401333cc48cf80001','cihad','2011-10-25 16:29:15',NULL),('50','1','1','toshiba','8a70dfd23829af7501382ef71ed50001','acaceres','2012-06-27 13:27:17',NULL),('51','0','1105','FORD F250/F350','8a8ce6ed346cc2c4013485de799d0001','mocarman','2012-07-04 11:59:57',NULL),('52','0','2','LENOVO','8a70dfd23829af7501382ef71ed50001','acaceres','2012-07-26 14:44:00',NULL),('53','0','3','SAMSUNG','8a70dfd23829af7501382ef71ed50001','acaceres','2012-07-26 14:44:13',NULL),('58','0','08','BOSISIO PARINI','8a8ce6ed346cc2c401349b71f9f90002','conchitagomez52','2012-11-19 08:10:07',NULL),('59','0','09','VAR','8a8ce6ed346cc2c401349b71f9f90002','conchitagomez52','2012-11-19 08:11:49',NULL),('6','0','100','prueba','8a460b5d3342f56301335f1ee3a00001','man','2011-11-01 08:34:12',NULL),('60','0','10','SAPSUCKER','8a8ce6ed346cc2c401349b71f9f90002','conchitagomez52','2012-11-19 08:12:22',NULL),('61','0','00','NONE/NINGUNO','402880e53fc72bd9013fc774385f0000','acaceres','2013-07-10 09:20:51',NULL),('62','0','00','NONE/NINGUNO','402880e53fcc8ccd013fcc991a810000','netgsv','2013-07-11 09:19:13',NULL),('63','0','00','NONE/NINGUNO','402880e53fecd6a4013fed20829b0000','guest','2013-07-17 16:54:58',NULL),('64',NULL,'00','NONE/NINGUNO','402880e5403a6ba701403a7ac4a80000','heroku','2013-08-01 17:24:19',NULL),('7','1','1001','CHEVY CAVALIER','8a8ce6ed346cc2c4013485de799d0001','mocarman','2011-12-28 13:20:23',NULL),('8','0','1002','CHEVY SILVERADO','8a8ce6ed346cc2c4013485de799d0001','mocarman','2011-12-28 13:45:39',NULL),('9','1','1050','DODGE NEON','8a8ce6ed346cc2c4013485de799d0001','mocarman','2011-12-28 13:49:59',NULL);
/*!40000 ALTER TABLE `brands` ENABLE KEYS */;
UNLOCK TABLES;

--
-- Table structure for table `categories`
--

DROP TABLE IF EXISTS `categories`;
SET @saved_cs_client     = @@character_set_client;
SET character_set_client = utf8;
CREATE TABLE `categories` (
  `id` varchar(255) NOT NULL default '',
  `version` varchar(255) default NULL,
  `code` varchar(255) NOT NULL,
  `description` varchar(255) NOT NULL,
  `domain` varchar(255) NOT NULL,
  `username` varchar(255) NOT NULL,
  `created_at` datetime default NULL,
  `updated_at` datetime default NULL,
  PRIMARY KEY  (`id`),
  UNIQUE KEY `domain` (`domain`,`code`)
) ENGINE=InnoDB DEFAULT CHARSET=latin1;
SET character_set_client = @saved_cs_client;

--
-- Dumping data for table `categories`
--

LOCK TABLES `categories` WRITE;
/*!40000 ALTER TABLE `categories` DISABLE KEYS */;
INSERT INTO `categories` VALUES ('1','1','1500','BAÑO','402880e5316ad7d601316adb99060001','manfergo25','2009-01-27 00:00:00',NULL),('10','2','9000','NACIONALES E IMPORTADOS','402880e5316ad7d601316adb99060001','manfergo25','2009-01-27 00:00:00',NULL),('11','0','1001','SOFTWARE','8a53c76f3288b65c013288be9af50001','ben','2011-09-20 17:45:18',NULL),('12','0','000','GUEST CATEGORY','8a53c76f3288b65c0132914e0e570002','guest','2011-09-22 09:24:01',NULL),('13','0','Deneme','Deneme','8a7eeff0333275e401333cc48cf80001','cihad','2011-10-25 16:28:22',NULL),('14','1','101','FAROS','8a8ce6ed346cc2c4013485de799d0001','mocarman','2011-12-28 13:19:42',NULL),('15','0','102','MICAS','8a8ce6ed346cc2c4013485de799d0001','mocarman','2011-12-29 08:33:51',NULL),('16','0','103','RETROVISORES','8a8ce6ed346cc2c4013485de799d0001','mocarman','2011-12-30 17:48:26',NULL),('17','0','104','ACCESORIOS','8a8ce6ed346cc2c4013485de799d0001','mocarman','2011-12-30 19:29:57',NULL),('2','1','2500','COCINA','402880e5316ad7d601316adb99060001','manfergo25','2009-01-27 00:00:00',NULL),('20','0','101','ZARCILLOS','8a8ce6ed346cc2c40134c30d760f0003','fundator','2012-01-12 16:45:37',NULL),('21','0','101','EYE LASHES','8a8ce6ed346cc2c40134f32bd7610004','mocar','2012-01-18 18:50:24',NULL),('22','0','102','ADHESIVE','8a8ce6ed346cc2c40134f32bd7610004','mocar','2012-01-18 19:45:22',NULL),('23','0','103','ACCESORIOS','8a8ce6ed346cc2c40134f32bd7610004','mocar','2012-01-18 19:59:11',NULL),('24','0','456','hot','8a53c76f3288b65c0132914e0e570002','guest','2012-02-24 23:28:28',NULL),('25','1','1','Acessorios','8a73ed2e35bf77960136376eb2910001','gesualdo','2012-03-22 06:19:21',NULL),('26','0','12345','Wines','8a53c76f3288b65c0132914e0e570002','guest','2012-05-23 11:58:38',NULL),('27','0','123','Cat1','8a569bd537e6d4c50137ef3aceff0001','tapu','2012-06-15 04:23:48',NULL),('28','0','102','ZAPATOS','8a8ce6ed346cc2c40134c30d760f0003','fundator','2012-06-15 06:57:21',NULL),('29','0','103','BOLSOS','8a8ce6ed346cc2c40134c30d760f0003','fundator','2012-06-15 06:58:03',NULL),('3','1','3500','DORMITORIO','402880e5316ad7d601316adb99060001','manfergo25','2009-01-27 00:00:00',NULL),('30','0','104','ROPA','8a8ce6ed346cc2c40134c30d760f0003','fundator','2012-06-15 06:58:59',NULL),('31','0','123','Vestido','8a569bd537e6d4c50137f861e7d90003','tester123','2012-06-16 23:34:51',NULL),('32','0','CAT1','CAT','8a569bd537e6d4c50138049587700004','praveen2609','2012-06-19 08:25:25',NULL),('33','1','A0124','Libros','8a70dfd23829af7501382ef71ed50001','acaceres','2012-06-27 13:27:34',NULL),('34','0','RV330','Revistas','8a70dfd23829af7501382ef71ed50001','acaceres','2012-07-26 14:45:10',NULL),('35','0','5','MONITORES','8a70dfd23829af7501382ef71ed50001','acaceres','2012-07-26 14:55:20',NULL),('36','0','123','Muebles','8a70dfd23829af7501382ef71ed50001','acaceres','2012-08-09 23:10:18',NULL),('38','1','21','CARTERAS','8a8ce6ed346cc2c401349b71f9f90002','conchitagomez52','2012-11-19 08:30:04',NULL),('39','0','00','NONE/NINGUNO','402880e53fc72bd9013fc774385f0000','acaceres','2013-07-10 09:20:51',NULL),('4','1','4500','SALON','402880e5316ad7d601316adb99060001','manfergo25','2009-01-27 00:00:00',NULL),('40','0','00','NONE/NINGUNO','402880e53fcc8ccd013fcc991a810000','netgsv','2013-07-11 09:19:13',NULL),('402880e441a98a140141b7bbd3530038',NULL,'00','NINGUNO','402880e441a98a140141b7bbd2680036','compa','2013-10-14 11:40:41',NULL),('41','0','00','NONE/NINGUNO','402880e53fecd6a4013fed20829b0000','guest','2013-07-17 16:54:58',NULL),('42',NULL,'00','NONE/NINGUNO','402880e5403a6ba701403a7ac4a80000','heroku','2013-08-01 17:24:19',NULL),('5','1','5500','BEBE','402880e5316ad7d601316adb99060001','manfergo25','2009-01-27 00:00:00',NULL),('6','1','6500','NAVIDAD','402880e5316ad7d601316adb99060001','manfergo25','2009-01-27 00:00:00',NULL),('7','1','7000','MATERIA PRIMA TEXTIL','402880e5316ad7d601316adb99060001','manfergo25','2009-01-27 00:00:00',NULL),('8','1','7500','MATERIA PRIMA TEXTIL ACCESORIOS','402880e5316ad7d601316adb99060001','manfergo25','2009-01-27 00:00:00',NULL),('9','1','8000','MATERIA PRIMA EMPAQUE ','402880e5316ad7d601316adb99060001','manfergo25','2009-01-27 00:00:00',NULL);
/*!40000 ALTER TABLE `categories` ENABLE KEYS */;
UNLOCK TABLES;

--
-- Table structure for table `clients`
--

DROP TABLE IF EXISTS `clients`;
/*!40101 SET @saved_cs_client     = @@character_set_client */;
/*!40101 SET character_set_client = utf8 */;
CREATE TABLE `clients` (
  `id` int(11) NOT NULL AUTO_INCREMENT,
  `name` varchar(255) DEFAULT NULL,
  `created_at` datetime NOT NULL,
  `updated_at` datetime NOT NULL,
  PRIMARY KEY (`id`)
) ENGINE=InnoDB DEFAULT CHARSET=latin1;
/*!40101 SET character_set_client = @saved_cs_client */;

--
-- Dumping data for table `clients`
--

LOCK TABLES `clients` WRITE;
/*!40000 ALTER TABLE `clients` DISABLE KEYS */;
/*!40000 ALTER TABLE `clients` ENABLE KEYS */;
UNLOCK TABLES;

--
-- Table structure for table `companies`
--

DROP TABLE IF EXISTS `companies`;
/*!40101 SET @saved_cs_client     = @@character_set_client */;
/*!40101 SET character_set_client = utf8 */;
CREATE TABLE `companies` (
  `id` varchar(36) DEFAULT NULL,
  `name` varchar(255) DEFAULT NULL,
  `address` varchar(255) DEFAULT NULL,
  `created_at` datetime NOT NULL,
  `updated_at` datetime NOT NULL,
  `logo_file_name` varchar(255) DEFAULT NULL,
  `logo_content_type` varchar(255) DEFAULT NULL,
  `logo_file_size` int(11) DEFAULT NULL,
  `logo_updated_at` datetime DEFAULT NULL
) ENGINE=InnoDB DEFAULT CHARSET=latin1;
/*!40101 SET character_set_client = @saved_cs_client */;

--
-- Dumping data for table `companies`
--

LOCK TABLES `companies` WRITE;
/*!40000 ALTER TABLE `companies` DISABLE KEYS */;
INSERT INTO `companies` VALUES ('402880e5316ad7d601316adb99060001','Inversiones',NULL,'2014-06-17 10:51:42','2014-06-17 10:51:42',NULL,NULL,NULL,NULL);
/*!40000 ALTER TABLE `companies` ENABLE KEYS */;
UNLOCK TABLES;

--
-- Table structure for table `products`
--

DROP TABLE IF EXISTS `products`;
/*!40101 SET @saved_cs_client     = @@character_set_client */;
/*!40101 SET character_set_client = utf8 */;
CREATE TABLE `products` (
  `id` varchar(36) DEFAULT NULL,
  `version` varchar(255) DEFAULT NULL,
  `domain` varchar(255) DEFAULT NULL,
  `username` varchar(255) DEFAULT NULL,
  `code` varchar(255) DEFAULT NULL,
  `description` varchar(255) DEFAULT NULL,
  `units` varchar(255) DEFAULT NULL,
  `price` decimal(10,0) DEFAULT NULL,
  `created_at` datetime NOT NULL,
  `updated_at` datetime NOT NULL,
  `brand_id` varchar(255) DEFAULT NULL,
  `category_id` varchar(255) DEFAULT NULL
) ENGINE=InnoDB DEFAULT CHARSET=latin1;
/*!40101 SET character_set_client = @saved_cs_client */;

--
-- Table structure for table `products`
--

DROP TABLE IF EXISTS `products`;
SET @saved_cs_client     = @@character_set_client;
SET character_set_client = utf8;
CREATE TABLE `products` (
  `id` varchar(255) NOT NULL default '',
  `version` varchar(255) default NULL,
  `code` varchar(255) NOT NULL,
  `description` varchar(255) NOT NULL,
  `category_id` varchar(255) NOT NULL default '',
  `brand_id` varchar(255) NOT NULL default '',
  `units` varchar(5) default NULL,
  `price` double NOT NULL,
  `domain` varchar(255) NOT NULL,
  `username` varchar(255) NOT NULL,
  `created_at` datetime default NULL,
  `updated_at` datetime default NULL,
  PRIMARY KEY  (`id`),
  UNIQUE KEY `domain` (`domain`,`code`),
  KEY `FKED8DCCEF254003A` (`brand_id`),
  KEY `FKED8DCCEF6285CD1A` (`category_id`),
  CONSTRAINT `FKED8DCCEF254003A` FOREIGN KEY (`brand_id`) REFERENCES `brand` (`id`),
  CONSTRAINT `FKED8DCCEF6285CD1A` FOREIGN KEY (`category_id`) REFERENCES `category` (`id`)
) ENGINE=InnoDB DEFAULT CHARSET=latin1;
SET character_set_client = @saved_cs_client;

--
-- Dumping data for table `products`
--

LOCK TABLES `products` WRITE;
/*!40000 ALTER TABLE `products` DISABLE KEYS */;
INSERT INTO `products` VALUES ('1','9','1501','ALFOMBRA DE ENTRADA','4','1','UND',30,'402880e5316ad7d601316adb99060001','manfergo25','2009-01-27 00:00:00','2013-09-27 15:09:32'),('10','8','2502','COMBO DE COCINA COUNTRY','2','2','UND',90,'402880e5316ad7d601316adb99060001','manfergo25','2009-01-27 00:00:00','2013-09-27 14:37:32'),('100','2','2509','GUANTES','1','1','UND',8,'402880e5316ad7d601316adb99060001','manfergo25','2009-01-27 00:00:00',NULL),('101','1','10005','PIQUE UNICOLOR','1','1','UND',7.5,'402880e5316ad7d601316adb99060001','manfergo25','2009-01-27 00:00:00',NULL),('102','1','10006','PLASTICO ESTAMPADO','1','1','UND',4,'402880e5316ad7d601316adb99060001','manfergo25','2009-01-27 00:00:00',NULL),('103','3','123','TELA ESTAMPADA NAVIDAD','7','1','MTS',14,'402880e5316ad7d601316adb99060001','manfergo25','2009-01-27 00:00:00',NULL),('104','2','7040','TELA ESTAMPADA NAVIDAD','7','1','MTS',14,'402880e5316ad7d601316adb99060001','manfergo25','2009-01-27 00:00:00',NULL),('105','1','10007','PANERA','1','1','UND',35,'402880e5316ad7d601316adb99060001','manfergo25','2009-01-27 00:00:00','2013-09-27 16:46:09'),('106','1','10008','SABANA UNICOLOR','1','1','UND',11,'402880e5316ad7d601316adb99060001','manfergo25','2009-01-27 00:00:00',NULL),('107','2','10009','TELA INFANTIL','7','1','MTS',14.25,'402880e5316ad7d601316adb99060001','manfergo25','2009-01-27 00:00:00',NULL),('108','3','10010','TELA VIELTI','7','1','MTS',9.5,'402880e5316ad7d601316adb99060001','manfergo25','2009-01-27 00:00:00',NULL),('109','1','10011','BOLSAS PARA JUEGOS DE BAÑO','1','1','UND',0.35,'402880e5316ad7d601316adb99060001','manfergo25','2009-01-27 00:00:00',NULL),('11','6','2503','CORTINAS DE COCINA ','2','1','UND',77,'402880e5316ad7d601316adb99060001','manfergo25','2009-01-27 00:00:00',NULL),('110','2','1012','COMBO AGARRA OLLAS + GUANTE','2','2','UND',35,'402880e5316ad7d601316adb99060001','manfergo25','2009-01-27 00:00:00','2013-09-30 13:46:06'),('111','1','10013','LIGA','1','1','UND',7.5,'402880e5316ad7d601316adb99060001','manfergo25','2009-01-27 00:00:00',NULL),('112','4','10014','CORTINA DE SALA VALENTINA','4','1','UND',77,'402880e5316ad7d601316adb99060001','manfergo25','2009-01-27 00:00:00','2013-09-27 15:12:09'),('113','1','10015','CHANTU ESTAMPADO','1','1','UND',9,'402880e5316ad7d601316adb99060001','manfergo25','2009-01-27 00:00:00',NULL),('114','2','10016','TELA COBIJA INFANTIL','7','1','MTS',16.5,'402880e5316ad7d601316adb99060001','manfergo25','2009-01-27 00:00:00',NULL),('115','1','10017','CINTA BLANCA','1','1','UND',0.15,'402880e5316ad7d601316adb99060001','manfergo25','2009-01-27 00:00:00',NULL),('116','1','10018','BOLSAS PRIMIUM','1','1','UND',0.35,'402880e5316ad7d601316adb99060001','manfergo25','2009-01-27 00:00:00',NULL),('117','1','10020','BOLSAS','1','1','UND',0.35,'402880e5316ad7d601316adb99060001','manfergo25','2009-01-27 00:00:00',NULL),('118','1','10021','MANTEL LABRADO ','1','1','UND',20,'402880e5316ad7d601316adb99060001','manfergo25','2009-01-27 00:00:00',NULL),('119','1','10022','TELA ESTAMPADA DE MANTEL CREPE','1','1','UND',6,'402880e5316ad7d601316adb99060001','manfergo25','2009-01-27 00:00:00',NULL),('12','2','2504','DELANTARES ','1','1','UND',15,'402880e5316ad7d601316adb99060001','manfergo25','2009-01-27 00:00:00','2013-09-27 15:12:30'),('120','1','8030','HABLADORES DE COMBOS','9','1','UND',0.35,'402880e5316ad7d601316adb99060001','manfergo25','2009-01-27 00:00:00',NULL),('121','1','10023','SESGO','1','1','UND',0.4,'402880e5316ad7d601316adb99060001','manfergo25','2009-01-27 00:00:00',NULL),('122','1','10024','JACQUAR GALA','1','1','UND',15.84,'402880e5316ad7d601316adb99060001','manfergo25','2009-01-27 00:00:00',NULL),('123','1','10025','WINBREQUE','1','1','UND',9.5,'402880e5316ad7d601316adb99060001','manfergo25','2009-01-27 00:00:00',NULL),('124','1','10026','POPELINA MILKYWAY','1','1','UND',8.6,'402880e5316ad7d601316adb99060001','manfergo25','2009-01-27 00:00:00',NULL),('125','1','10027','WATTA','1','1','UND',11.25,'402880e5316ad7d601316adb99060001','manfergo25','2009-01-27 00:00:00',NULL),('126','1','10028','LAME','1','1','UND',10,'402880e5316ad7d601316adb99060001','manfergo25','2009-01-27 00:00:00',NULL),('127','1','10029','VICHI ROSADO ','1','1','UND',4.5,'402880e5316ad7d601316adb99060001','manfergo25','2009-01-27 00:00:00',NULL),('128','1','10030','VICHI VERDE','1','1','UND',4.5,'402880e5316ad7d601316adb99060001','manfergo25','2009-01-27 00:00:00',NULL),('129','1','10031','VICHI AZUL','1','1','UND',4.5,'402880e5316ad7d601316adb99060001','manfergo25','2009-01-27 00:00:00',NULL),('13','7','2505','FORRO DE LAVADORA ','2','2','UND',110,'402880e5316ad7d601316adb99060001','manfergo25','2009-01-27 00:00:00','2013-09-27 14:38:52'),('130','5','4532','MANTEL CREPPE/MINIMAT ESTAMPADO','4','2','UND',160,'402880e5316ad7d601316adb99060001','manfergo25','2009-01-27 00:00:00','2013-10-04 11:02:41'),('131','1','10033','POPELINA','1','1','UND',8.6,'402880e5316ad7d601316adb99060001','manfergo25','2009-01-27 00:00:00',NULL),('132','3','10034','TELA UNICOLOR JACKAR','7','1','MTS',12,'402880e5316ad7d601316adb99060001','manfergo25','2009-01-27 00:00:00',NULL),('133','2','10035','COBIJA INDIVIDUAL','1','1','UND',65,'402880e5316ad7d601316adb99060001','manfergo25','2009-01-27 00:00:00',NULL),('134','1','10036','ESQUINERO INFANTIL','1','1','UND',23,'402880e5316ad7d601316adb99060001','manfergo25','2009-01-27 00:00:00',NULL),('135','1','10037','VINIL','1','1','UND',18,'402880e5316ad7d601316adb99060001','manfergo25','2009-01-27 00:00:00',NULL),('136','1','10038','GRUESAS DE BOTONES ','1','1','UND',42,'402880e5316ad7d601316adb99060001','manfergo25','2009-01-27 00:00:00',NULL),('137','1','10039','TELA DE MANTEL ROJO','1','1','UND',7.5,'402880e5316ad7d601316adb99060001','manfergo25','2009-01-27 00:00:00',NULL),('138','1','10040','TELA DE MANTEL VINOTINTO ','1','1','UND',7.5,'402880e5316ad7d601316adb99060001','manfergo25','2009-01-27 00:00:00',NULL),('139','1','10041','TELA DE MANTEL ORO ','1','1','UND',7.5,'402880e5316ad7d601316adb99060001','manfergo25','2009-01-27 00:00:00',NULL),('14','7','2506','FORRO DE MESA DE PLANCHAR ','2','1','UND',28,'402880e5316ad7d601316adb99060001','manfergo25','2009-01-27 00:00:00','2013-09-27 15:12:56'),('140','1','10042','TELA DE MANTEL VERDE ','1','1','UND',7.5,'402880e5316ad7d601316adb99060001','manfergo25','2009-01-27 00:00:00',NULL),('141','1','10043','TELA E MANTEL CREMA','1','1','UND',7.5,'402880e5316ad7d601316adb99060001','manfergo25','2009-01-27 00:00:00',NULL),('142','1','10044','ORGANZA NAVIDAD','1','1','UND',11,'402880e5316ad7d601316adb99060001','manfergo25','2009-01-27 00:00:00',NULL),('143','1','10045','FARALAO PLATEADO','1','1','UND',3,'402880e5316ad7d601316adb99060001','manfergo25','2009-01-27 00:00:00',NULL),('144','1','10046','FARALAO VERDE','1','1','UND',3,'402880e5316ad7d601316adb99060001','manfergo25','2009-01-27 00:00:00',NULL),('145','1','10047','FARALAO ROJO','1','1','UND',3,'402880e5316ad7d601316adb99060001','manfergo25','2009-01-27 00:00:00',NULL),('146','2','10048','TELA DE COCINA','7','1','MTS',10,'402880e5316ad7d601316adb99060001','manfergo25','2009-01-27 00:00:00',NULL),('147','5','10049','MANTEL MALLA RECTANGULAR ESTAMPADO','4','1','UND',33,'402880e5316ad7d601316adb99060001','manfergo25','2009-01-27 00:00:00','2013-09-27 15:10:08'),('148','2','10050','TELA JACKAR','7','1','MTS',12,'402880e5316ad7d601316adb99060001','manfergo25','2009-01-27 00:00:00',NULL),('149','1','10051','CIERRES MINI BROCHES','1','1','UND',2,'402880e5316ad7d601316adb99060001','manfergo25','2009-01-27 00:00:00',NULL),('15','3','3501','COBIJA MATRIMONIAL','1','1','UND',55,'402880e5316ad7d601316adb99060001','manfergo25','2009-01-27 00:00:00',NULL),('150','1','10052','PLASTICO','1','1','UND',4,'402880e5316ad7d601316adb99060001','manfergo25','2009-01-27 00:00:00',NULL),('151','1','10053','FARALAO DORADO','1','1','UND',3,'402880e5316ad7d601316adb99060001','manfergo25','2009-01-27 00:00:00',NULL),('152','1','10054','AGARRAOLLA Y GUANTE','1','1','UND',8,'402880e5316ad7d601316adb99060001','manfergo25','2009-01-27 00:00:00',NULL),('153','1','10055','COMBO GUANTE + AGARRAOLLA','1','1','UND',6,'402880e5316ad7d601316adb99060001','manfergo25','2009-01-27 00:00:00',NULL),('154','1','10056','SABANA DE 2`40','1','1','UND',12,'402880e5316ad7d601316adb99060001','manfergo25','2009-01-27 00:00:00',NULL),('155','1','10057','CORTAR AL SESGO 4´5 CMT','1','1','UND',1,'402880e5316ad7d601316adb99060001','manfergo25','2009-01-27 00:00:00',NULL),('156','1','10058','CORTAR AL HILO  9 CMT','1','1','UND',1,'402880e5316ad7d601316adb99060001','manfergo25','2009-01-27 00:00:00',NULL),('157','1','10059','RUCHE','1','1','UND',3,'402880e5316ad7d601316adb99060001','manfergo25','2009-01-27 00:00:00',NULL),('158','1','10060','LANA','1','1','UND',10,'402880e5316ad7d601316adb99060001','manfergo25','2009-01-27 00:00:00',NULL),('159','1','10061','TULL ILUSION','1','1','UND',9,'402880e5316ad7d601316adb99060001','manfergo25','2009-01-27 00:00:00',NULL),('16','3','3502','ESQUINERO INDIVIDUAL CON  1 FUNDA ','3','2','UND',265,'402880e5316ad7d601316adb99060001','manfergo25','2009-01-27 00:00:00','2013-09-27 14:57:32'),('160','2','10062','SET DE COCINA NAVIDAD','1','1','UND',28,'402880e5316ad7d601316adb99060001','manfergo25','2009-01-27 00:00:00',NULL),('161','1','10063','DOPIOVELO','1','1','UND',3,'402880e5316ad7d601316adb99060001','manfergo25','2009-01-27 00:00:00',NULL),('162','7','10064','MANTEL JACKAR PREMIUM RECT','4','1','UND',65,'402880e5316ad7d601316adb99060001','manfergo25','2009-01-27 00:00:00',NULL),('163','1','10065','MANTEL DE MALLA ESTAMPADO ','1','1','UND',25,'402880e5316ad7d601316adb99060001','manfergo25','2009-01-27 00:00:00',NULL),('164','2','10066','PELON','1','1','UND',8,'402880e5316ad7d601316adb99060001','manfergo25','2009-01-27 00:00:00',NULL),('165','1','10067','CORTININA DE SALA ESTAMPADA ','1','1','UND',45,'402880e5316ad7d601316adb99060001','manfergo25','2009-01-27 00:00:00',NULL),('166','1','10068','CORTINA DE SALA ESTAMPADA','1','1','UND',45,'402880e5316ad7d601316adb99060001','manfergo25','2009-01-27 00:00:00',NULL),('167','2','10069','TELA ESTAMPADA','7','1','MTS',10,'402880e5316ad7d601316adb99060001','manfergo25','2009-01-27 00:00:00',NULL),('168','2','10070','TELA COUNTRY','7','1','MTS',8,'402880e5316ad7d601316adb99060001','manfergo25','2009-01-27 00:00:00',NULL),('169','2','10071','TELA ','7','1','MTS',10.8,'402880e5316ad7d601316adb99060001','manfergo25','2009-01-27 00:00:00',NULL),('17','3','3503','ESQUINERO MATRIMONIAL CON FUNDA ','1','1','UND',34,'402880e5316ad7d601316adb99060001','manfergo25','2009-01-27 00:00:00',NULL),('170','2','4572','MANTELES PLASTICOS','4','2','UND',70,'402880e5316ad7d601316adb99060001','manfergo25','2009-01-27 00:00:00','2013-09-30 13:46:56'),('171','3','10073','FARALAO ORGANZA NAVIDAD','1','1','UND',3,'402880e5316ad7d601316adb99060001','manfergo25','2009-01-27 00:00:00',NULL),('172','2','10074','MANTEL RED. C/SERVILLETAS PREMIUM','1','1','UND',45,'402880e5316ad7d601316adb99060001','manfergo25','2009-01-27 00:00:00',NULL),('173','1','10075','FARALADO DORADO','1','1','UND',3,'402880e5316ad7d601316adb99060001','manfergo25','2009-01-27 00:00:00',NULL),('174','1','10076','TOALLAS 70x40 COL','1','1','UND',0,'402880e5316ad7d601316adb99060001','manfergo25','2009-01-27 00:00:00',NULL),('175','1','10077','COBIJA DE CUADROS','1','1','UND',50,'402880e5316ad7d601316adb99060001','manfergo25','2009-01-27 00:00:00',NULL),('176','1','10078','COGINES','1','1','UND',12,'402880e5316ad7d601316adb99060001','manfergo25','2009-01-27 00:00:00',NULL),('177','1','10079','BOLSAS CORTINAS DE COCINA','1','1','UND',0.35,'402880e5316ad7d601316adb99060001','manfergo25','2009-01-27 00:00:00',NULL),('178','1','10080','PEPITA','1','1','UND',600,'402880e5316ad7d601316adb99060001','manfergo25','2009-01-27 00:00:00',NULL),('179','1','10081','MANTEL PLASTICO LABRADO','1','1','UND',25,'402880e5316ad7d601316adb99060001','manfergo25','2009-01-27 00:00:00',NULL),('18','1','4501','COJINES DE SILLA ','1','1','UND',5,'402880e5316ad7d601316adb99060001','manfergo25','2009-01-27 00:00:00',NULL),('180','1','10082','COBIJA INFANTIL INDIVIDUAL ','1','1','UND',55,'402880e5316ad7d601316adb99060001','manfergo25','2009-01-27 00:00:00',NULL),('181','1','10083','LAME PLATEADO','1','1','UND',5.5,'402880e5316ad7d601316adb99060001','manfergo25','2009-01-27 00:00:00',NULL),('182','1','10084','TOALLA 50 X 100','1','1','UND',10,'402880e5316ad7d601316adb99060001','manfergo25','2009-01-27 00:00:00',NULL),('183','3','10085','COBIJA INDIVIDUAL DE CUADROS ','3','1','UND',175,'402880e5316ad7d601316adb99060001','manfergo25','2009-01-27 00:00:00','2013-09-27 15:09:49'),('184','4','10086','COBIJA MATRIMONIAL ','3','1','UND',72,'402880e5316ad7d601316adb99060001','manfergo25','2009-01-27 00:00:00',NULL),('185','5','5587','COBIJA INFANTIL DE MANO','5','2','UND',25,'402880e5316ad7d601316adb99060001','manfergo25','2009-01-27 00:00:00','2013-09-30 13:47:11'),('186','1','10088','DELANTAR ','1','1','UND',15,'402880e5316ad7d601316adb99060001','manfergo25','2009-01-27 00:00:00',NULL),('187','1','10089','CAMINO DE MESA','1','1','UND',15,'402880e5316ad7d601316adb99060001','manfergo25','2009-01-27 00:00:00',NULL),('188','1','10090','SABAN FULL 4.PCSS','1','1','UND',92.5,'402880e5316ad7d601316adb99060001','manfergo25','2009-01-27 00:00:00',NULL),('189','1','10091','MANTEL 54X72','1','1','UND',32.5,'402880e5316ad7d601316adb99060001','manfergo25','2009-01-27 00:00:00',NULL),('19','4','4502','CORTINA DE SALA EUROPEA JACQUARD ','1','1','UND',45,'402880e5316ad7d601316adb99060001','manfergo25','2009-01-27 00:00:00',NULL),('190','2','10092','SET CORTINA DE BAÑO 01','1','1','UND',15.5,'402880e5316ad7d601316adb99060001','manfergo25','2009-01-27 00:00:00',NULL),('191','1','10093','SET DE CORTINA DE BAÑO 02','1','1','UND',15.5,'402880e5316ad7d601316adb99060001','manfergo25','2009-01-27 00:00:00',NULL),('192','1','10094','SET DE CORTINA DE BAÑO  04 ','1','1','UND',15.5,'402880e5316ad7d601316adb99060001','manfergo25','2009-01-27 00:00:00',NULL),('193','1','10095','SET DE CORTINA DE BAÑO 04','1','1','UND',15.5,'402880e5316ad7d601316adb99060001','manfergo25','2009-01-27 00:00:00',NULL),('194','1','10096','SET DE CORINA DE BAÑO 05','1','1','UND',15.5,'402880e5316ad7d601316adb99060001','manfergo25','2009-01-27 00:00:00',NULL),('195','1','10097','SET DE CORTINA DE BAÑO 06','1','1','UND',15.5,'402880e5316ad7d601316adb99060001','manfergo25','2009-01-27 00:00:00',NULL),('196','1','10098','SET DE CORTINA DE BAÑO 07','1','1','UND',15.5,'402880e5316ad7d601316adb99060001','manfergo25','2009-01-27 00:00:00',NULL),('197','1','10099','SET CORTINA DE BAÑO 03','1','1','UND',38.5,'402880e5316ad7d601316adb99060001','manfergo25','2009-01-27 00:00:00',NULL),('198','1','11000','TOALLA 1 X 50','1','1','UND',10,'402880e5316ad7d601316adb99060001','manfergo25','2009-01-27 00:00:00',NULL),('199','1','11001','MANTEL DE MALLA','1','1','UND',20,'402880e5316ad7d601316adb99060001','manfergo25','2009-01-27 00:00:00',NULL),('2','4','1502','BATA DE BAÑO CON TIRANTES','1','1','UND',45,'402880e5316ad7d601316adb99060001','manfergo25','2009-01-27 00:00:00',NULL),('20','4','4503','CORTINA DE SALA EUROPEA PREMIUM ','4','1','UND',77,'402880e5316ad7d601316adb99060001','manfergo25','2009-01-27 00:00:00','2013-09-27 15:10:49'),('200','2','11002','SABANA IND. DE 1,50 X 240, 1 FUNDA DE 0,75 X 0,50 ','1','1','UND',55,'402880e5316ad7d601316adb99060001','manfergo25','2009-01-27 00:00:00',NULL),('201','1','11003','BOLSAS PARA JUEGO DE BAÑO ','1','1','UND',0.3,'402880e5316ad7d601316adb99060001','manfergo25','2009-01-27 00:00:00',NULL),('202','1','11004','CAMINOS DE MESA ','1','1','UND',15,'402880e5316ad7d601316adb99060001','manfergo25','2009-01-27 00:00:00',NULL),('203','1','11005','BOLSAS ','1','1','UND',2,'402880e5316ad7d601316adb99060001','manfergo25','2009-01-27 00:00:00',NULL),('204','2','11006','CINTA RASO','1','1','UND',0.4,'402880e5316ad7d601316adb99060001','manfergo25','2009-01-27 00:00:00',NULL),('205','1','11007','MANTEL RECT ESTAMPADO ','1','1','UND',35,'402880e5316ad7d601316adb99060001','manfergo25','2009-01-27 00:00:00',NULL),('206','1','11008','VICHI','1','1','UND',5.5,'402880e5316ad7d601316adb99060001','manfergo25','2009-01-27 00:00:00',NULL),('207','1','11009','COBIJA DE CUADROS MATRIMONIAL ','1','1','UND',37,'402880e5316ad7d601316adb99060001','manfergo25','2009-01-27 00:00:00',NULL),('208','1','11010','FORRO DE LAVADORA UNICOLOR','1','1','UND',0,'402880e5316ad7d601316adb99060001','manfergo25','2009-01-27 00:00:00',NULL),('209','3','11011','CORTINA DE COCINA DE DOPIOVELO','2','1','UND',70,'402880e5316ad7d601316adb99060001','manfergo25','2009-01-27 00:00:00','2013-09-27 16:19:04'),('21','1','4504','CORTINA DE SALA AMAPOLA ','1','1','UND',30,'402880e5316ad7d601316adb99060001','manfergo25','2009-01-27 00:00:00',NULL),('210','1','11012','MESA INDIVIDUALES','1','1','UND',0,'402880e5316ad7d601316adb99060001','manfergo25','2009-01-27 00:00:00',NULL),('211','1','11013','CINTA PEPITA','1','1','UND',60,'402880e5316ad7d601316adb99060001','manfergo25','2009-01-27 00:00:00',NULL),('212','3','11014','FARALADO DE DOPIOVELO','1','1','UND',3,'402880e5316ad7d601316adb99060001','manfergo25','2009-01-27 00:00:00',NULL),('213','1','11015','FORRO DE MICROONDAS','1','1','UND',0,'402880e5316ad7d601316adb99060001','manfergo25','2009-01-27 00:00:00',NULL),('214','1','11016','FARALADO LAME','1','1','UND',3,'402880e5316ad7d601316adb99060001','manfergo25','2009-01-27 00:00:00',NULL),('215','1','11017','FARALADO ESTRELLAS ','1','1','UND',3,'402880e5316ad7d601316adb99060001','manfergo25','2009-01-27 00:00:00',NULL),('216','1','11018','SESGO DE PELON','1','1','UND',10,'402880e5316ad7d601316adb99060001','manfergo25','2009-01-27 00:00:00',NULL),('217','1','11019','BOLSAS DE YUTE PARA FUNDACION LA TORTUGA','1','1','UND',13,'402880e5316ad7d601316adb99060001','manfergo25','2009-01-27 00:00:00',NULL),('218','1','11020','HABLADORES FORRO DE LAVADORA','1','1','UND',0.6,'402880e5316ad7d601316adb99060001','manfergo25','2009-01-27 00:00:00',NULL),('219','1','11021','SABANA MATRIMONIAL','1','1','UND',95,'402880e5316ad7d601316adb99060001','manfergo25','2009-01-27 00:00:00',NULL),('22','2','4505','FORRO DE MUEBLE ','1','1','UND',160,'402880e5316ad7d601316adb99060001','manfergo25','2009-01-27 00:00:00',NULL),('220','1','11022','BOLSAS PARA COBIJAS ','1','1','UND',25,'402880e5316ad7d601316adb99060001','manfergo25','2009-01-27 00:00:00',NULL),('221','1','11023','GUATA','1','1','UND',11,'402880e5316ad7d601316adb99060001','manfergo25','2009-01-27 00:00:00',NULL),('222','1','11024','BOLSAS PARA MANTELES','1','1','UND',35,'402880e5316ad7d601316adb99060001','manfergo25','2009-01-27 00:00:00',NULL),('223','2','11025','TELA JACKAR EXTRES','7','1','MTS',850,'402880e5316ad7d601316adb99060001','manfergo25','2009-01-27 00:00:00',NULL),('224','2','11026','MANTEL PLASTICO LISO','1','1','UND',25,'402880e5316ad7d601316adb99060001','manfergo25','2009-01-27 00:00:00',NULL),('225','1','11027','ROLLOS DE LIGA','1','1','UND',0,'402880e5316ad7d601316adb99060001','manfergo25','2009-01-27 00:00:00',NULL),('226','1','11028','SABANA ESTAMPADA','1','1','UND',12,'402880e5316ad7d601316adb99060001','manfergo25','2009-01-27 00:00:00',NULL),('227','1','11029','PONGE','1','1','UND',4,'402880e5316ad7d601316adb99060001','manfergo25','2009-01-27 00:00:00',NULL),('228','1','11030','LIGA PARA FORRO DE MUEBLES','1','1','UND',73,'402880e5316ad7d601316adb99060001','manfergo25','2009-01-27 00:00:00',NULL),('229','1','11031','PLASTICO TRANSPARENTE','1','1','UND',5,'402880e5316ad7d601316adb99060001','manfergo25','2009-01-27 00:00:00',NULL),('23','1','4506','MANTEL MIRANDA REDONDO ','1','1','UND',19.5,'402880e5316ad7d601316adb99060001','manfergo25','2009-01-27 00:00:00',NULL),('230','1','11032','LIGA PARA SABANA','1','1','UND',73,'402880e5316ad7d601316adb99060001','manfergo25','2009-01-27 00:00:00',NULL),('231','1','11033','ROLLO DE PEPITA','1','1','UND',120,'402880e5316ad7d601316adb99060001','manfergo25','2009-01-27 00:00:00',NULL),('232','1','11034','INDIVIDUALES','1','1','UND',950,'402880e5316ad7d601316adb99060001','manfergo25','2009-01-27 00:00:00',NULL),('233','1','11035','MANTELES REDONDOS ','1','1','UND',35,'402880e5316ad7d601316adb99060001','manfergo25','2009-01-27 00:00:00',NULL),('234','1','11036','FORRO DE MUEBLE','1','1','UND',280,'402880e5316ad7d601316adb99060001','manfergo25','2009-01-27 00:00:00',NULL),('235','1','11037','PAQUETES PAÑO DE COCINA','1','1','UND',22,'402880e5316ad7d601316adb99060001','manfergo25','2009-01-27 00:00:00',NULL),('236','1','11038','PQ DE PAÑOS DE COCINA','1','1','UND',45,'402880e5316ad7d601316adb99060001','manfergo25','2009-01-27 00:00:00',NULL),('237','1','11039','BOLSAS FORRO DE MUEBLES','1','1','UND',5,'402880e5316ad7d601316adb99060001','manfergo25','2009-01-27 00:00:00',NULL),('238','5','11040','CORTINA DE BAÑO IMPERMEABLE','1','1','UND',95,'402880e5316ad7d601316adb99060001','manfergo25','2009-01-27 00:00:00','2013-09-27 16:18:35'),('239','1','11041','CORTINA PLASTICO ','1','1','UND',14,'402880e5316ad7d601316adb99060001','manfergo25','2009-01-27 00:00:00',NULL),('24','1','4507','MANTEL MIRANDA RECTANGULAR ','1','1','UND',25.5,'402880e5316ad7d601316adb99060001','manfergo25','2009-01-27 00:00:00',NULL),('240','1','11042','CORTINA PLASTICO DOBLE','1','1','UND',16,'402880e5316ad7d601316adb99060001','manfergo25','2009-01-27 00:00:00',NULL),('241','1','2543','PAÑOS DE COCINA','2','2','UND',35,'402880e5316ad7d601316adb99060001','manfergo25','2009-01-27 00:00:00','2013-09-30 13:46:40'),('242','1','11044','JUEGO DE BAÑO','1','1','UND',25,'402880e5316ad7d601316adb99060001','manfergo25','2009-01-27 00:00:00',NULL),('243','1','11045','JUEGO DE BAÑO ALFOMBRA','1','1','UND',25,'402880e5316ad7d601316adb99060001','manfergo25','2009-01-27 00:00:00',NULL),('244','1','11046','ALFOMBRAS','1','1','UND',25,'402880e5316ad7d601316adb99060001','manfergo25','2009-01-27 00:00:00',NULL),('245','1','11047','JUEGOS DE PAÑOS DE 5','1','1','UND',45,'402880e5316ad7d601316adb99060001','manfergo25','2009-01-27 00:00:00',NULL),('246','1','11048','JUEGOS DE PAÑOS DE 4','1','1','UND',45,'402880e5316ad7d601316adb99060001','manfergo25','2009-01-27 00:00:00',NULL),('247','1','11049','JUEGOS DE PAÑOS DE 2','1','1','UND',15,'402880e5316ad7d601316adb99060001','manfergo25','2009-01-27 00:00:00',NULL),('248','1','11050','COMBO PAÑOS DE COCINA 1','1','1','UND',45,'402880e5316ad7d601316adb99060001','manfergo25','2009-01-27 00:00:00',NULL),('249','1','11051','COMBO PAÑOS DE COCINA 2','1','1','UND',25,'402880e5316ad7d601316adb99060001','manfergo25','2009-01-27 00:00:00',NULL),('25','1','4508','MANTEL MIRANDA OVALADO ','1','1','UND',21.5,'402880e5316ad7d601316adb99060001','manfergo25','2009-01-27 00:00:00',NULL),('250','1','11052','COMBO PAÑOS DE COCINA 3','1','1','UND',15,'402880e5316ad7d601316adb99060001','manfergo25','2009-01-27 00:00:00',NULL),('251','1','11053','FARALAO','1','1','UND',2,'402880e5316ad7d601316adb99060001','manfergo25','2009-01-27 00:00:00',NULL),('252','1','11054','DRIL','1','1','UND',15,'402880e5316ad7d601316adb99060001','manfergo25','2009-01-27 00:00:00',NULL),('253','1','11055','CIERRE MAGICO','1','1','UND',35,'402880e5316ad7d601316adb99060001','manfergo25','2009-01-27 00:00:00',NULL),('254','1','11056','ELASTICA DURA','1','1','UND',12,'402880e5316ad7d601316adb99060001','manfergo25','2009-01-27 00:00:00',NULL),('255','1','11057','BOLSAS PARA PAN','1','1','UND',45,'402880e5316ad7d601316adb99060001','manfergo25','2009-01-27 00:00:00',NULL),('256','1','11058','BOLSAS DE COMPRAS RECICLABLES','1','1','UND',25,'402880e5316ad7d601316adb99060001','manfergo25','2009-01-27 00:00:00',NULL),('257','3','11059','DELANTAL TIPO CHEF','1','1','UND',90,'402880e5316ad7d601316adb99060001','manfergo25','2009-01-27 00:00:00',NULL),('258','2','11060','POPELINA BLANCA','1','1','UND',9.18,'402880e5316ad7d601316adb99060001','manfergo25','2009-01-27 00:00:00',NULL),('259','1','11061','POPELINA REY','1','1','UND',10.63,'402880e5316ad7d601316adb99060001','manfergo25','2009-01-27 00:00:00',NULL),('26','10','4509','MANTEL DE MALLA REDONDO ESTAMPADO','4','2','UND',95,'402880e5316ad7d601316adb99060001','manfergo25','2009-01-27 00:00:00','2013-09-27 14:41:43'),('260','1','11062','SET DE CUNA','1','1','UND',0,'402880e5316ad7d601316adb99060001','manfergo25','2009-01-27 00:00:00',NULL),('261','1','11063','SOBRES PORTA CUBIERTOS','1','1','UND',20,'402880e5316ad7d601316adb99060001','manfergo25','2009-01-27 00:00:00',NULL),('262','1','11064','TELA DE CORTINA','1','1','UND',10,'402880e5316ad7d601316adb99060001','manfergo25','2009-01-27 00:00:00',NULL),('263','1','11065','TELA DE PANA','1','1','UND',8,'402880e5316ad7d601316adb99060001','manfergo25','2009-01-27 00:00:00',NULL),('268','1','11066','AGARRAOLLA CON LOGO BORDADO EN TELA DE ALGODON ','1','1','UND',100,'402880e5316ad7d601316adb99060001','manfergo25','2009-01-27 00:00:00',NULL),('269','1','11067','AGARRAOLLA EN TELA CON LOGO BORDADO','1','1','UND',852,'402880e5316ad7d601316adb99060001','manfergo25','2009-01-27 00:00:00',NULL),('27','4','4510','MANTEL DE MALLA ESTAMPADO','1','1','UND',25,'402880e5316ad7d601316adb99060001','manfergo25','2009-01-27 00:00:00',NULL),('270','1','11068','GUANTES EN TELA CON LOGO BORDADO','1','1','UND',12,'402880e5316ad7d601316adb99060001','manfergo25','2009-01-27 00:00:00',NULL),('271','1','11069','CORTINA ISABELINA','1','1','UND',50,'402880e5316ad7d601316adb99060001','manfergo25','2009-01-27 00:00:00',NULL),('272','1','11070','TELA LINO ESPAÑOL','1','1','UND',10,'402880e5316ad7d601316adb99060001','manfergo25','2009-01-27 00:00:00',NULL),('273','1','11071','CAJA DE TIRRO','1','1','UND',458,'402880e5316ad7d601316adb99060001','manfergo25','2009-01-27 00:00:00',NULL),('274','1','11072','DACRON MILKY WAY FORT BLANCO','1','1','UND',798,'402880e5316ad7d601316adb99060001','manfergo25','2009-01-27 00:00:00',NULL),('275','1','11073','DACRON MILKY -WAY FORT REY','1','1','UND',988,'402880e5316ad7d601316adb99060001','manfergo25','2009-01-27 00:00:00',NULL),('276','1','11074','COBIJA','1','1','UND',22,'402880e5316ad7d601316adb99060001','manfergo25','2009-01-27 00:00:00',NULL),('277','1','11075','2.B PAÑO DE COCINA DE 5','1','1','UND',45,'402880e5316ad7d601316adb99060001','manfergo25','2009-01-27 00:00:00',NULL),('278','1','11076','2.B PAÑO DE COCINA DE 4','1','1','UND',25,'402880e5316ad7d601316adb99060001','manfergo25','2009-01-27 00:00:00',NULL),('279','1','11077','2 B PAÑO DE COCINA DE 2','1','1','UND',15,'402880e5316ad7d601316adb99060001','manfergo25','2009-01-27 00:00:00',NULL),('28','3','4511','MANTEL DE TELA DE NAVIDAD RECTANGULAR ','1','1','UND',35,'402880e5316ad7d601316adb99060001','manfergo25','2009-01-27 00:00:00',NULL),('280','1','11078','CORTINA DE BAÑO','1','1','UND',18,'402880e5316ad7d601316adb99060001','manfergo25','2009-01-27 00:00:00',NULL),('281','1','11079','CORTINA DE BAÑO DOBLE','1','1','UND',18,'402880e5316ad7d601316adb99060001','manfergo25','2009-01-27 00:00:00',NULL),('282','1','11080','CORTINA DE BAÑO UNICOLOR','1','1','UND',16,'402880e5316ad7d601316adb99060001','manfergo25','2009-01-27 00:00:00',NULL),('283','1','11081','1B PAÑO DE 5 COCINA','1','1','UND',45,'402880e5316ad7d601316adb99060001','manfergo25','2009-01-27 00:00:00',NULL),('284','1','11082','TELA ACOLCHADA','1','1','UND',30,'402880e5316ad7d601316adb99060001','manfergo25','2009-01-27 00:00:00',NULL),('285','1','11083','DESCUENTO POR PRONTO PAGO 5%','1','1','UND',30,'402880e5316ad7d601316adb99060001','manfergo25','2009-01-27 00:00:00',NULL),('286','1','11084','CORTINAS DE COCINA CONTRY','1','1','UND',55,'402880e5316ad7d601316adb99060001','manfergo25','2009-01-27 00:00:00',NULL),('287','1','11085','LAME LUMINOSO PLATEADO ','1','1','UND',1292,'402880e5316ad7d601316adb99060001','manfergo25','2009-01-27 00:00:00',NULL),('288','2','11086','MANTEL DE NAVIDAD REDONDOS','1','1','UND',155,'402880e5316ad7d601316adb99060001','manfergo25','2009-01-27 00:00:00',NULL),('289','1','11087','TELA DE MALLA  ESTAMPADA','1','1','UND',8,'402880e5316ad7d601316adb99060001','manfergo25','2009-01-27 00:00:00',NULL),('29','2','4512','MANTEL DE TELA ESTAMPADO RECTANGULAR ','1','1','UND',25,'402880e5316ad7d601316adb99060001','manfergo25','2009-01-27 00:00:00',NULL),('290','1','11088','FARALAO WINBREKER VERDE','1','1','UND',3,'402880e5316ad7d601316adb99060001','manfergo25','2009-01-27 00:00:00',NULL),('291','1','11089','CORTINA NAVIDAD','1','1','UND',35,'402880e5316ad7d601316adb99060001','manfergo25','2009-01-27 00:00:00',NULL),('292','1','11090','CORTINA DE SALA','1','1','UND',50,'402880e5316ad7d601316adb99060001','manfergo25','2009-01-27 00:00:00',NULL),('293','1','11091','MANTEL NAVIDAD RECTANGULAR ALGODON','1','1','UND',45,'402880e5316ad7d601316adb99060001','manfergo25','2009-01-27 00:00:00',NULL),('294','2','11092','BOLSO RECICLABLE CON LOGO MIGA`S','1','1','UND',28,'402880e5316ad7d601316adb99060001','manfergo25','2009-01-27 00:00:00',NULL),('295','1','11093','CORTINA DE SALA EUROPEA LINO','1','1','UND',50,'402880e5316ad7d601316adb99060001','manfergo25','2009-01-27 00:00:00',NULL),('296','1','11094','WIMBREKER ROJO','1','1','UND',3,'402880e5316ad7d601316adb99060001','manfergo25','2009-01-27 00:00:00',NULL),('297','2','11095','DOPIOVELO BLANCO','1','1','UND',2,'402880e5316ad7d601316adb99060001','manfergo25','2009-01-27 00:00:00',NULL),('298','5','2596','CORTINA DE COCINA COUNTRY','2','2','UND',145,'402880e5316ad7d601316adb99060001','manfergo25','2009-01-27 00:00:00','2013-09-30 13:46:23'),('299','1','11097','PAÑOS DE COCINA NAVIDAD','1','1','UND',10,'402880e5316ad7d601316adb99060001','manfergo25','2009-01-27 00:00:00',NULL),('3','4','1503','BATA DE BAÑO DE DAMA ESTILO PAREO ','1','1','UND',40,'402880e5316ad7d601316adb99060001','manfergo25','2009-01-27 00:00:00',NULL),('30','6','4513','MANTEL JACKAR C/SERVILLETAS REDONDO ','4','2','UND',180,'402880e5316ad7d601316adb99060001','manfergo25','2009-01-27 00:00:00','2013-09-27 14:41:19'),('300','1','11098','CORTINAS DE SALA CON OJALES','1','1','UND',120,'402880e5316ad7d601316adb99060001','manfergo25','2009-01-27 00:00:00',NULL),('301','1','11099','MANTEL RECT NAVIDAD MINIMAT','1','1','UND',40,'402880e5316ad7d601316adb99060001','manfergo25','2009-01-27 00:00:00',NULL),('302','1','12000','BOLSOS RECICLABLE CON LOGO BORDADO ','1','1','UND',30,'402880e5316ad7d601316adb99060001','manfergo25','2009-01-27 00:00:00',NULL),('303','1','12001','POTALAPICES CON LOGO BORDADO','1','1','UND',20,'402880e5316ad7d601316adb99060001','manfergo25','2009-01-27 00:00:00',NULL),('304','1','12002','BOLSAS ECOLOGICAS CON LOGO BORDADO','1','1','UND',25,'402880e5316ad7d601316adb99060001','manfergo25','2009-01-27 00:00:00',NULL),('305','1','12003','PAÑOS DE COCINA DE 3','1','1','UND',25,'402880e5316ad7d601316adb99060001','manfergo25','2009-01-27 00:00:00',NULL),('306','1','12004','CORTINAS DE BAÑO','1','1','UND',14,'402880e5316ad7d601316adb99060001','manfergo25','2009-01-27 00:00:00',NULL),('307','1','12005','CORTINAS DE BAÑO 2','1','1','UND',14,'402880e5316ad7d601316adb99060001','manfergo25','2009-01-27 00:00:00',NULL),('308','1','12006','SET DE COCINA','1','1','UND',15,'402880e5316ad7d601316adb99060001','manfergo25','2009-01-27 00:00:00',NULL),('309','1','12007','JUEGO DE PAÑOS ','1','1','UND',45,'402880e5316ad7d601316adb99060001','manfergo25','2009-01-27 00:00:00',NULL),('31','9','4514','MANTEL JACKAR  C/SERVILLETAS RECTANG.','4','2','UND',180,'402880e5316ad7d601316adb99060001','manfergo25','2009-01-27 00:00:00','2013-09-27 14:40:57'),('310','1','12008','BOLSAS DE PAN DE JAMON ','1','1','UND',45,'402880e5316ad7d601316adb99060001','manfergo25','2009-01-27 00:00:00',NULL),('311','1','12009','BOLSAS ECOLOGICAS','1','1','UND',25,'402880e5316ad7d601316adb99060001','manfergo25','2009-01-27 00:00:00',NULL),('312','1','12010','PAÑOS DE COCINA 2','1','1','UND',25,'402880e5316ad7d601316adb99060001','manfergo25','2009-01-27 00:00:00',NULL),('313','1','12011','WIMBREKER ROJO','1','1','UND',3,'402880e5316ad7d601316adb99060001','manfergo25','2009-01-27 00:00:00',NULL),('314','1','12012','WIMBREKER VERDE','1','1','UND',3,'402880e5316ad7d601316adb99060001','manfergo25','2009-01-27 00:00:00',NULL),('315','1','12013','JUEGO DE COCINA DE 4 PIEZAS','1','1','UND',1520,'402880e5316ad7d601316adb99060001','manfergo25','2009-01-27 00:00:00',NULL),('316','1','12014','BOLSAS PARA CORTINAS','1','1','UND',3,'402880e5316ad7d601316adb99060001','manfergo25','2009-01-27 00:00:00',NULL),('317','1','12015','RUFLE INDIVIDUAL','1','1','UND',75,'402880e5316ad7d601316adb99060001','manfergo25','2009-01-27 00:00:00',NULL),('318','1','12016','RUFLE MATRIMONIAL','1','1','UND',80,'402880e5316ad7d601316adb99060001','manfergo25','2009-01-27 00:00:00',NULL),('319','1','12017','RUFLE QUEEN','1','1','UND',90,'402880e5316ad7d601316adb99060001','manfergo25','2009-01-27 00:00:00',NULL),('32','4','5501','ALMOHADAS INFANTILES ','1','1','UND',3.5,'402880e5316ad7d601316adb99060001','manfergo25','2009-01-27 00:00:00',NULL),('320','1','12018','RUFLE KING','1','1','UND',100,'402880e5316ad7d601316adb99060001','manfergo25','2009-01-27 00:00:00',NULL),('321','1','12019','COMBO ALFOMBRA GUANTE AGARRAOLLA, PAÑO DE COCINA','1','1','UND',15,'402880e5316ad7d601316adb99060001','manfergo25','2009-01-27 00:00:00',NULL),('322','1','12020','CORTINA VALENTINA CORRUGADA','1','1','UND',55,'402880e5316ad7d601316adb99060001','manfergo25','2009-01-27 00:00:00',NULL),('323','2','12021','PAÑO COCINA ESTAMPADO','1','1','UND',14,'402880e5316ad7d601316adb99060001','manfergo25','2009-01-27 00:00:00',NULL),('324','1','1522','BATAS DE BAÑO DE DAMA','1','2','UND',50,'402880e5316ad7d601316adb99060001','manfergo25','2009-01-27 00:00:00','2013-09-30 13:45:41'),('325','1','12023','TOALLA UNICOLOR','1','1','UND',45,'402880e5316ad7d601316adb99060001','manfergo25','2009-01-27 00:00:00',NULL),('326','1','12024','HABLADORES DE CORTINA ','1','1','UND',30,'402880e5316ad7d601316adb99060001','manfergo25','2009-01-27 00:00:00',NULL),('327','1','12025','BOLSO EN LONA IMPERMEABLE CON LOGO BORDADO','1','1','UND',45,'402880e5316ad7d601316adb99060001','manfergo25','2009-01-27 00:00:00',NULL),('328','1','12026','Bolso en Lona Con Logo Bordado','1','1','UND',1,'402880e5316ad7d601316adb99060001','manfergo25','2009-01-27 00:00:00',NULL),('329','1','12027','LIGA DURA','1','1','UND',47,'402880e5316ad7d601316adb99060001','manfergo25','2009-01-27 00:00:00',NULL),('33','5','5502','COBIJA INFANTIL DE CUNA ','5','1','UND',48,'402880e5316ad7d601316adb99060001','manfergo25','2009-01-27 00:00:00','2013-09-27 16:16:31'),('330','1','12028','TELA ESTAMPADA ALUMINIZADA','1','1','UND',25,'402880e5316ad7d601316adb99060001','manfergo25','2009-01-27 00:00:00',NULL),('331','1','12029','PAÑOS DE COCINA DE CUADROS','1','1','UND',1150,'402880e5316ad7d601316adb99060001','manfergo25','2009-01-27 00:00:00',NULL),('332','2','12030','TOALLA UNICOLOR 60 X120','1','1','UND',48,'402880e5316ad7d601316adb99060001','manfergo25','2009-01-27 00:00:00',NULL),('333','1','12031','COBIJAS 150 X 220','1','1','UND',70,'402880e5316ad7d601316adb99060001','manfergo25','2009-01-27 00:00:00',NULL),('334','1','12032','TELA DELFINES','1','1','UND',18,'402880e5316ad7d601316adb99060001','manfergo25','2009-01-27 00:00:00',NULL),('335','1','12033','LIGA DE MUEBLE','1','1','UND',30,'402880e5316ad7d601316adb99060001','manfergo25','2009-01-27 00:00:00',NULL),('336','1','12034','TELA ESTAMPADA NIÑO','1','1','UND',13,'402880e5316ad7d601316adb99060001','manfergo25','2009-01-27 00:00:00',NULL),('337','1','12035','LIGA DE CROCHE','1','1','UND',55,'402880e5316ad7d601316adb99060001','manfergo25','2009-01-27 00:00:00',NULL),('338','1','12036','PELON QUIRURGICO','1','1','UND',6,'402880e5316ad7d601316adb99060001','manfergo25','2009-01-27 00:00:00',NULL),('339','2','12037','FORRO DE MUEBLES ESTAMPADOS','4','1','UND',260,'402880e5316ad7d601316adb99060001','manfergo25','2009-01-27 00:00:00','2013-09-27 15:13:13'),('34','6','5503','COBIJA INFANTIL INDIVIDUAL','5','2','UND',175,'402880e5316ad7d601316adb99060001','manfergo25','2009-01-27 00:00:00','2013-09-27 16:18:09'),('340','5','12038','CORTINAS DE SALA ALUMINIZADA','4','1','UND',115,'402880e5316ad7d601316adb99060001','manfergo25','2009-01-27 00:00:00','2013-09-27 15:11:27'),('341','1','12039','JUEGOS FORRO DE SILLAS','1','1','UND',75,'402880e5316ad7d601316adb99060001','manfergo25','2009-01-27 00:00:00',NULL),('342','1','12040','CORTINAS DE SALA COD 40','1','1','UND',105,'402880e5316ad7d601316adb99060001','manfergo25','2009-01-27 00:00:00',NULL),('343','1','12041','CORTINA DE SALA COD 39','1','1','UND',100,'402880e5316ad7d601316adb99060001','manfergo25','2009-01-27 00:00:00',NULL),('344','1','12042','TELA DE MANTEL EST. MINIMAT','1','1','UND',14,'402880e5316ad7d601316adb99060001','manfergo25','2009-01-27 00:00:00',NULL),('345','1','12043','SLIDER','1','1','UND',2,'402880e5316ad7d601316adb99060001','manfergo25','2009-01-27 00:00:00',NULL),('346','1','12044','FORRO BOLSILLO BLANCO','1','1','UND',1150,'402880e5316ad7d601316adb99060001','manfergo25','2009-01-27 00:00:00',NULL),('347','1','12045','DRILL RIGIDO BLANCO','1','1','UND',20,'402880e5316ad7d601316adb99060001','manfergo25','2009-01-27 00:00:00',NULL),('348','1','12046','DRILL ROJO','1','1','UND',20,'402880e5316ad7d601316adb99060001','manfergo25','2009-01-27 00:00:00',NULL),('349','1','12047','DRILL NEGRO','1','1','UND',20,'402880e5316ad7d601316adb99060001','manfergo25','2009-01-27 00:00:00',NULL),('35','1','5504','COLCHONETAS ESCOLARES ','1','1','UND',24.5,'402880e5316ad7d601316adb99060001','manfergo25','2009-01-27 00:00:00',NULL),('350','1','12048','MANTEL CON SERVILLETAS','1','1','UND',55,'402880e5316ad7d601316adb99060001','manfergo25','2009-01-27 00:00:00',NULL),('355','1','12049','DELANTAL CORTO AJUSTABLE CON LOGO BORDADO','1','1','UND',60,'402880e5316ad7d601316adb99060001','manfergo25','2009-01-27 00:00:00',NULL),('356','1','12050','DELANTAL LARGO AJUSTABLE CON LOGO BORDADO','1','1','UND',60,'402880e5316ad7d601316adb99060001','manfergo25','2009-01-27 00:00:00',NULL),('357','4','12051','CORTINAS DE SALA EUROPEAS','4','1','UND',77,'402880e5316ad7d601316adb99060001','manfergo25','2009-01-27 00:00:00',NULL),('358','6','12052','FORRO DE MUEBLES JACQUARD OSTRA','4','1','UND',370,'402880e5316ad7d601316adb99060001','manfergo25','2009-01-27 00:00:00','2013-09-27 15:13:46'),('359','1','12053','BLONDA','1','1','UND',13,'402880e5316ad7d601316adb99060001','manfergo25','2009-01-27 00:00:00',NULL),('36','1','5505','ESQUINERO INFANTIL CON FUNDA ','1','1','UND',18.5,'402880e5316ad7d601316adb99060001','manfergo25','2009-01-27 00:00:00',NULL),('360','1','12054','FORROS DE SILLAS','1','1','UND',75,'402880e5316ad7d601316adb99060001','manfergo25','2009-01-27 00:00:00',NULL),('361','2','12055','CORTINAS LOTE','1','1','UND',60,'402880e5316ad7d601316adb99060001','manfergo25','2009-01-27 00:00:00',NULL),('363','1','6519','CORTINA DE COCINA NAVIDAD','6','2','UND',160,'402880e5316ad7d601316adb99060001','manfergo25','2009-01-27 00:00:00','2013-09-27 14:51:42'),('364','0','8090','BOLSA DE PIE DE ARBOL','7','1','UND',3,'402880e5316ad7d601316adb99060001','manfergo25','2009-01-27 00:00:00',NULL),('365','0','1001','SABANA  VERDE','1','1','UND',19,'402880e5316ad7d601316adb99060001','manfergo25','2009-01-27 00:00:00',NULL),('366','0','1002','SABANA ROJA','1','1','UND',19,'402880e5316ad7d601316adb99060001','manfergo25','2009-01-27 00:00:00',NULL),('367','0','8001','WEB APPLICATION SERVER','11','3','UND',10000,'8a53c76f3288b65c013288be9af50001','ben','2011-09-20 17:45:42',NULL),('368','0','000','GUEST PRODUCT','12','4','UND',99,'8a53c76f3288b65c0132914e0e570002','guest','2011-09-22 09:24:20',NULL),('37','5','5506','JUEGO DE CUNA INFANTIL ','5','2','UND',420,'402880e5316ad7d601316adb99060001','manfergo25','2009-01-27 00:00:00','2013-09-27 14:39:44'),('370','0','12085','CRISTALE DE NAVIDAD','1','1','UND',18,'402880e5316ad7d601316adb99060001','delia','2011-09-23 09:31:23',NULL),('371','0','12097','MANTEL RECTANGULAR NAVIDAD IMPORTADO','1','1','UND',65,'402880e5316ad7d601316adb99060001','delia','2011-09-28 15:08:47',NULL),('372','0','12099','MANTEL REDONDO NAVIDAD IMPORTADO','1','1','UND',65,'402880e5316ad7d601316adb99060001','delia','2011-09-28 15:09:47',NULL),('373','0','12092','JUEGO DE BAÑO NAVIDAD CRISTALET','1','1','UND',36,'402880e5316ad7d601316adb99060001','delia','2011-09-29 15:25:27',NULL),('374','0','13089','P.O.P ROJAS Y TURQUEZA DE 4.5','1','1','UND',50,'402880e5316ad7d601316adb99060001','delia','2011-10-04 09:51:16',NULL),('375','0','13090','ALGODON NAVIDEÑO','1','1','UND',21,'402880e5316ad7d601316adb99060001','delia','2011-10-04 10:04:20',NULL),('376','0','14000','TAFETA NAVIDAD','1','1','UND',6,'402880e5316ad7d601316adb99060001','delia','2011-10-04 10:42:38',NULL),('377','0','13588','MANTEL NAVIDAD CREPE','1','1','UND',55,'402880e5316ad7d601316adb99060001','delia','2011-10-04 15:20:04',NULL),('378','0','001','GUEST PRODUCT 2','12','4','UND',50,'8a53c76f3288b65c0132914e0e570002','guest','2011-10-08 14:13:21',NULL),('379','0','12599','FORRO DE MUEBLE ESTAMPADO OSTRA','1','1','UND',260,'402880e5316ad7d601316adb99060001','delia','2011-10-13 08:47:17',NULL),('38','5','6501','COMBO DE COCINA NAVIDAD  ','2','2','UND',95,'402880e5316ad7d601316adb99060001','manfergo25','2009-01-27 00:00:00','2013-09-27 14:51:17'),('380','2','95089','JUEGO DE BAÑO NAVIDAD NOEL','1','1','UND',45,'402880e5316ad7d601316adb99060001','manfergo25','2011-10-14 18:36:22',NULL),('381','0','9017','TELA ALUMINIZADA','7','1','MTS',24,'402880e5316ad7d601316adb99060001','manfergo25','2011-10-21 08:58:33',NULL),('382','0','13580','PEPITA 2','1','1','UND',280,'402880e5316ad7d601316adb99060001','delia','2011-10-25 11:48:49',NULL),('383','0','Yeni Prodakt','sadsadsa','13','5','UND',12,'8a7eeff0333275e401333cc48cf80001','cihad','2011-10-25 16:29:31',NULL),('384','0','13590','RUFLE DOPIOVELO','1','1','UND',3,'402880e5316ad7d601316adb99060001','delia','2011-10-26 09:17:34',NULL),('385','0','9917','JUEGO DE SABANAS BLANCA','3','1','UND',110,'402880e5316ad7d601316adb99060001','manfergo25','2011-10-31 17:30:13',NULL),('386','0','148000','JUEGO DE SABANA INFANTIL','1','1','UND',35,'402880e5316ad7d601316adb99060001','delia','2011-11-03 10:11:26',NULL),('387','0','158000','ESLAIDER','1','1','UND',2,'402880e5316ad7d601316adb99060001','delia','2011-11-04 10:08:31',NULL),('388','0','15800','TERCIOPELO STRECH','1','1','UND',9,'402880e5316ad7d601316adb99060001','delia','2011-11-09 14:15:44',NULL),('389','0','100030','PAÑOS DE COCINA 1','1','1','UND',9,'402880e5316ad7d601316adb99060001','delia','2011-11-17 15:33:45',NULL),('39','3','6502','CORTINAS DE COCINA NAVIDAD ','1','1','UND',38,'402880e5316ad7d601316adb99060001','manfergo25','2009-01-27 00:00:00',NULL),('390','0','100031','PAÑO DE COCINA 2','1','1','UND',7,'402880e5316ad7d601316adb99060001','delia','2011-11-17 15:34:17',NULL),('391','0','100032','PAÑO DE COCINA 3','1','1','UND',12,'402880e5316ad7d601316adb99060001','delia','2011-11-17 15:34:39',NULL),('392','0','15000','PAÑOS DE COCINA SURTIDOS','1','1','UND',825,'402880e5316ad7d601316adb99060001','delia','2011-11-21 10:53:23',NULL),('393','0','158001','FORRO DE MUEBLES ESTAMPADOS RECT','1','1','UND',260,'402880e5316ad7d601316adb99060001','delia','2011-11-21 11:02:15',NULL),('394','0','150001','CORTINA ALUMINIZADA UNICOLOR','1','1','UND',105,'402880e5316ad7d601316adb99060001','delia','2011-11-21 15:31:36',NULL),('395','0','6520','MANTELES DE NAVIDAD','6','2','UND',225,'402880e5316ad7d601316adb99060001','delia','2011-11-28 10:25:03','2013-09-30 13:44:57'),('396','0','157777','LAME ROJO','1','1','UND',3,'402880e5316ad7d601316adb99060001','delia','2011-11-29 10:23:48',NULL),('397','0','1580001','SET PAÑOS DE COCINA','1','1','UND',7,'402880e5316ad7d601316adb99060001','delia','2011-12-02 08:32:04',NULL),('398','3','1001','PAR DE FAROS OJO DE ANGEL FONDO NEGRO CHEVY CAVALIER 1995 - 1999','14','7','UND',3000,'8a8ce6ed346cc2c4013485de799d0001','mocarman','2011-12-28 13:21:12',NULL),('399','3','1002','FAROS OJO DE ANGEL CHEVY SILVERADO CROMADAS 2003 - 2006','14','8','UND',4400,'8a8ce6ed346cc2c4013485de799d0001','mocarman','2011-12-28 13:46:22',NULL),('4','8','1504','JUEGO DE BAÑO COUNTRY','1','2','UND',80,'402880e5316ad7d601316adb99060001','manfergo25','2009-01-27 00:00:00','2013-09-27 14:39:16'),('40','1','6503','DELANTARES NAVIDAD ','1','1','UND',6.5,'402880e5316ad7d601316adb99060001','manfergo25','2009-01-27 00:00:00',NULL),('400','3','1003','FAROS OJO DE ANGEL CHEVY SILVERADO NEGRO 2003 - 2006','14','8','UND',4400,'8a8ce6ed346cc2c4013485de799d0001','mocarman','2011-12-28 13:47:03',NULL),('401','4','1004','FAROS OJO DE ANGEL CHEVY SILVERADO CROMADAS 2007 - 2012','14','8','UND',4200,'8a8ce6ed346cc2c4013485de799d0001','mocarman','2011-12-28 13:48:04',NULL),('402','3','1005','PAR DE FAROS OJO DE ANGEL FONDO NEGRO CHEVY SILVERADO 2007 -2012','14','8','UND',3800,'8a8ce6ed346cc2c4013485de799d0001','mocarman','2011-12-28 13:49:17',NULL),('402880e4415f570701415fa69f600006',NULL,'56900','TELA RALLAS','7','1','MTS',60,'402880e5316ad7d601316adb99060001','delia','2013-09-27 09:10:57',NULL),('402880e4415f5707014160d01a77001e',NULL,'3306','COBIJA MATRIMONIAL ANIMAL PRINT','3','2','UND',300,'402880e5316ad7d601316adb99060001','delia','2013-09-27 14:35:53',NULL),('402880e4415f5707014160d0a979001f',NULL,'3309','COBIJA INFANTIL DE MANO','5','2','UND',50,'402880e5316ad7d601316adb99060001','delia','2013-09-27 14:36:29',NULL),('402880e4415f5707014160d60bc40020',NULL,'3399','TOALLA FACIAL 30x30','1','2','UND',25,'402880e5316ad7d601316adb99060001','delia','2013-09-27 14:42:22',NULL),('402880e4415f5707014160d6ba540021',NULL,'5543','JUEGO DE SABANA MATRIMONIAL PREMIUM','3','2','UND',420,'402880e5316ad7d601316adb99060001','delia','2013-09-27 14:43:07',NULL),('402880e4415f5707014160d7b2ae0022',NULL,'5541','MANTEL JACKARD PREMIUM','4','2','UND',180,'402880e5316ad7d601316adb99060001','delia','2013-09-27 14:44:10',NULL),('402880e4415f5707014160da6c8e0023',NULL,'6654','JUEGO DE SABANA INDIVIDUAL NATURA','3','2','UND',476,'402880e5316ad7d601316adb99060001','delia','2013-09-27 14:47:09',NULL),('402880e4415f5707014160db08de0024',NULL,'6599','JUEGO DE SABANA QUEEN NATURA','3','2','UND',600,'402880e5316ad7d601316adb99060001','delia','2013-09-27 14:47:49',NULL),('402880e4415f5707014160dc124f0025',NULL,'1199','CORTINA AMERICANA RALLAS','3','2','UND',280,'402880e5316ad7d601316adb99060001','delia','2013-09-27 14:48:57',NULL),('402880e4415f5707014160e22a3f0026',NULL,'3544','JUEGO DE SABANA INDIVIDUAL PREMIUM','3','2','UND',370,'402880e5316ad7d601316adb99060001','delia','2013-09-27 14:55:36',NULL),('402880e4415f5707014160e29d8a0027',NULL,'3545','JUEGO DE SABANA QUEEN PREMIUM','3','2','UND',560,'402880e5316ad7d601316adb99060001','delia','2013-09-27 14:56:06',NULL),('402880e4415f5707014160e4a1d60028',NULL,'3512','ESQUINERO QUEEN CON DOS FUNDAS','3','2','UND',416,'402880e5316ad7d601316adb99060001','delia','2013-09-27 14:58:18',NULL),('402880e441a780dd0141a7d71f400006',NULL,'7890','TELA MADONNA','7','1','MTS',98,'402880e5316ad7d601316adb99060001','delia','2013-10-11 09:36:35',NULL),('402880e441a98a140141bc92aff10053',NULL,'1001','PRIMER PRODUCTO','402880e441a98a140141b7bbd3530038','402880e441a98a140141b7bbd3140037','UND',100,'402880e441a98a140141b7bbd2680036','compa','2013-10-15 10:13:51',NULL),('402880e441db60850141e562cc400022',NULL,'254869856','JUEGO SABANA MATRIM PREMIUM','1','1','UND',476,'402880e5316ad7d601316adb99060001','delia','2013-10-23 08:25:59',NULL),('402880e441db60850141e56372f00023',NULL,'1478963258','JUEGO SABANA MATRIM NATURA','1','1','UND',700,'402880e5316ad7d601316adb99060001','delia','2013-10-23 08:26:41',NULL),('402880e441db60850141e563f58e0024',NULL,'3698745236','JUEGO SABANA IND NATURA','1','1','UND',578,'402880e5316ad7d601316adb99060001','delia','2013-10-23 08:27:15',NULL),('402880e441db60850141e56480b70025',NULL,'3698745263','JUEGO SABANA QEEN NATURA','1','1','UND',760,'402880e5316ad7d601316adb99060001','delia','2013-10-23 08:27:51',NULL),('402880e441db60850141e564ed4c0026',NULL,'2569745236','JUEGO SABANA KING NATURA','1','1','UND',858,'402880e5316ad7d601316adb99060001','delia','2013-10-23 08:28:18',NULL),('402880e44229902d014229e1d4e10003',NULL,'258258258','TELA BLACKOUT','1','1','UND',90,'402880e5316ad7d601316adb99060001','delia','2013-11-05 15:38:55',NULL),('403','2','1006','PAR DE FAROS OJO DE ANGEL FONDO NEGRO DODGE NEON 2000 - 2003','14','9','UND',2900,'8a8ce6ed346cc2c4013485de799d0001','mocarman','2011-12-28 13:50:43',NULL),('404','2','1007','PAR DE FAROS OJO DE ANGEL FONDO CROMADAS DODGE RAM 1994 - 2001','14','10','UND',3300,'8a8ce6ed346cc2c4013485de799d0001','mocarman','2011-12-28 13:51:43',NULL),('405','3','1008','FAROS OJO DE ANGEL DODGE RAM NEGRO 1994 - 2001','14','10','UND',3600,'8a8ce6ed346cc2c4013485de799d0001','mocarman','2011-12-28 13:52:49',NULL),('406','1','1009','FAROS OJO DE ANGEL DODGE RAM CROMADAS 2006 - 2010','14','10','UND',4200,'8a8ce6ed346cc2c4013485de799d0001','mocarman','2011-12-28 17:01:44',NULL),('407','1','1010','FAROS OJO DE ANGEL DODGE RAM NEGRO 2006 - 2010','14','10','UND',4200,'8a8ce6ed346cc2c4013485de799d0001','mocarman','2011-12-28 17:08:37',NULL),('408','1','1011','FAROS OJO DE ANGEL FORD FOCUS CROMADAS 2000 - 2008','14','11','UND',3400,'8a8ce6ed346cc2c4013485de799d0001','mocarman','2011-12-28 17:12:27',NULL),('409','2','1012','FAROS OJO DE ANGEL FORD FOCUS NEGRO 2000 - 2008','14','11','UND',3400,'8a8ce6ed346cc2c4013485de799d0001','mocarman','2011-12-28 17:15:05',NULL),('41','2','6504','FORRO DE COJIN NAVIDAD ','1','1','UND',8,'402880e5316ad7d601316adb99060001','manfergo25','2009-01-27 00:00:00',NULL),('410','3','1013','FAROS TIPO TUNNING FORD FOCUS CROMADOS 2000 - 2008','14','11','UND',4400,'8a8ce6ed346cc2c4013485de799d0001','mocarman','2011-12-28 17:18:16',NULL),('411','3','1014','FAROS TIPO TUNNING FORD FOCUS NEGROS 2000 - 2008','14','11','UND',4400,'8a8ce6ed346cc2c4013485de799d0001','mocarman','2011-12-28 17:19:26',NULL),('412','0','1015','PAR DE FAROS OJO DE ANGEL FONDO CROMADAS FORD F150 1998 - 2005','14','12','UND',2900,'8a8ce6ed346cc2c4013485de799d0001','mocarman','2011-12-28 17:31:54',NULL),('413','1','1016','FAROS OJO DE ANGEL FORD F150 NEGRO 1998 - 2005','14','12','UND',3300,'8a8ce6ed346cc2c4013485de799d0001','mocarman','2011-12-28 17:34:48',NULL),('414','0','1017','PAR DE FAROS OJO DE ANGEL FONDO NEGRO FORD F150 2005 - 2008','14','12','UND',3400,'8a8ce6ed346cc2c4013485de799d0001','mocarman','2011-12-28 17:38:31',NULL),('415','1','1018','FAROS OJO DE ANGEL FORD MUSTANG CROMADAS 2005 - 2008','14','13','UND',3500,'8a8ce6ed346cc2c4013485de799d0001','mocarman','2011-12-28 17:41:51',NULL),('416','0','1019','PAR DE FAROS OJO DE ANGEL FONDO CROMADAS HONDA CIVIC 1999 - 2000','14','14','UND',3000,'8a8ce6ed346cc2c4013485de799d0001','mocarman','2011-12-28 17:45:50',NULL),('417','2','1020','FAROS OJO DE ANGEL JEEP GRAND CHEROKEE NEGRO 1999 - 2005','14','15','UND',3600,'8a8ce6ed346cc2c4013485de799d0001','mocarman','2011-12-28 17:50:12',NULL),('418','3','1021','FAROS OJO DE ANGEL JEEP GRAND CHEROKEE CROMADAS 2006 - 2008','14','15','UND',4200,'8a8ce6ed346cc2c4013485de799d0001','mocarman','2011-12-28 17:51:52',NULL),('419','1','1022','FAROS OJO DE ANGEL JEEP GRAND CHEROKEE NEGRO 2006 - 2008','14','15','UND',4200,'8a8ce6ed346cc2c4013485de799d0001','mocarman','2011-12-28 17:52:55',NULL),('42','2','6505','JUEGO DE BAÑO NAVIDAD ','1','2','UND',120,'402880e5316ad7d601316adb99060001','manfergo25','2009-01-27 00:00:00','2013-09-27 15:39:42'),('420','1','1023','FAROS OJO DE ANGEL TOYOTA CELICA CROMADAS 2000 - 2005','14','16','UND',3800,'8a8ce6ed346cc2c4013485de799d0001','mocarman','2011-12-28 17:58:15',NULL),('421','0','1024','PAR DE FAROS OJO DE ANGEL FONDO NEGRO TOYOTA CELICA 2000 - 2005','14','16','UND',3400,'8a8ce6ed346cc2c4013485de799d0001','mocarman','2011-12-28 17:59:28',NULL),('422','0','1025','PAR DE FAROS OJO DE ANGEL FONDO NEGRO TOYOTA YARIS HATCHBACK 2006 - 2009','14','17','UND',3200,'8a8ce6ed346cc2c4013485de799d0001','mocarman','2011-12-28 18:01:01',NULL),('423','0','1026','PAR DE FAROS OJO DE ANGEL FONDO CROMADAS TOYOTA 4RUNNER 2003 - 2005','14','18','UND',3200,'8a8ce6ed346cc2c4013485de799d0001','mocarman','2011-12-28 18:04:17',NULL),('424','5','2001','MICAS LED CHEVY AVALANCHE AHUMADAS 2002 - 2006','15','19','UND',3600,'8a8ce6ed346cc2c4013485de799d0001','mocarman','2011-12-29 08:37:42',NULL),('425','3','2002','MICAS LED CHEVY SILVERADO CROMADAS 2003 - 2006','15','8','UND',3200,'8a8ce6ed346cc2c4013485de799d0001','mocarman','2011-12-29 08:41:08',NULL),('426','3','2003','MICAS LED CHEVY SILVERADO AHUMADAS 2003 - 2006','15','8','UND',3200,'8a8ce6ed346cc2c4013485de799d0001','mocarman','2011-12-29 08:42:23',NULL),('427','3','2004','MICAS LED CHEVY SILVERADO CROMADAS 2007 - 2012','15','8','UND',3400,'8a8ce6ed346cc2c4013485de799d0001','mocarman','2011-12-29 22:00:29',NULL),('428','4','2005','MICAS LED CHEVY SILVERADO AHUMADAS 2007 - 2012','15','8','UND',3400,'8a8ce6ed346cc2c4013485de799d0001','mocarman','2011-12-29 22:05:42',NULL),('429','1','2006','PAR DE MICAS LED CROMADAS DODGE NEON 2000 - 2003','15','9','UND',2400,'8a8ce6ed346cc2c4013485de799d0001','mocarman','2011-12-29 22:09:53',NULL),('43','1','6506','JUEGO DE BAÑO NAVIDAD DELUXE ','1','1','UND',26,'402880e5316ad7d601316adb99060001','manfergo25','2009-01-27 00:00:00',NULL),('430','1','2007','PAR DE MICAS LED AHUMADAS DODGE NEON 2000 - 2003','15','9','UND',2400,'8a8ce6ed346cc2c4013485de799d0001','mocarman','2011-12-29 22:13:10',NULL),('431','1','2008','PAR DE MICAS LED CROMADAS DODGE RAM 2006 - 2010','15','10','UND',3200,'8a8ce6ed346cc2c4013485de799d0001','mocarman','2011-12-29 22:17:53',NULL),('432','2','2009','PAR DE MICAS LED AHUMADAS DODGE RAM 2006 - 2010','15','10','UND',3600,'8a8ce6ed346cc2c4013485de799d0001','mocarman','2011-12-29 22:19:01',NULL),('433','2','2501','TERCER LUZ DE FRENO CROMADAS DODGE RAM 2002 - 2010','15','10','UND',750,'8a8ce6ed346cc2c4013485de799d0001','mocarman','2011-12-29 22:22:58',NULL),('434','2','2502','TERCER LUZ DE FRENO LED DODGE RAM AHUMADAS 2002 - 2010','15','10','UND',850,'8a8ce6ed346cc2c4013485de799d0001','mocarman','2011-12-29 22:25:08',NULL),('435','3','2010','MICAS LED FORD F150 STYLESIDE CROMADAS 1998 - 2005','15','12','UND',3200,'8a8ce6ed346cc2c4013485de799d0001','mocarman','2011-12-30 08:47:16',NULL),('436','4','2011','MICAS LED FORD F150 STYLESIDE AHUMADAS 1998 - 2005','15','12','UND',3200,'8a8ce6ed346cc2c4013485de799d0001','mocarman','2011-12-30 08:47:50',NULL),('437','2','2012','MICAS LED FORD F150 FLARESIDE CROMADAS 1998 - 2005','15','12','UND',3300,'8a8ce6ed346cc2c4013485de799d0001','mocarman','2011-12-30 08:51:39',NULL),('438','1','2013','PAR DE MICAS LED AHUMADAS STYLESIDE V 2 FORD F150 1998 - 2005','15','12','UND',3200,'8a8ce6ed346cc2c4013485de799d0001','mocarman','2011-12-30 08:54:26',NULL),('439','1','2014','PAR DE MICAS ALTEZZA FONDO NEGRO FLARESIDE FORD F150 1998 - 2005','15','12','UND',1800,'8a8ce6ed346cc2c4013485de799d0001','mocarman','2011-12-30 08:56:45',NULL),('44','1','6507','JUEGO DE BAÑO NAVIDAD PREMIUM ','1','1','UND',36,'402880e5316ad7d601316adb99060001','manfergo25','2009-01-27 00:00:00',NULL),('440','2','2015','MICAS LED FORD F150 CROMADAS 2005 - 2008','15','12','UND',3500,'8a8ce6ed346cc2c4013485de799d0001','mocarman','2011-12-30 08:59:28',NULL),('441','2','2016','MICAS LED FORD MUSTANG CROMADAS 2005 - 2008','15','13','UND',3500,'8a8ce6ed346cc2c4013485de799d0001','mocarman','2011-12-30 09:01:31',NULL),('442','1','2017','PAR DE MICAS LED AHUMADAS FORD MUSTANG 2005 - 2008','15','13','UND',3200,'8a8ce6ed346cc2c4013485de799d0001','mocarman','2011-12-30 09:02:59',NULL),('443','1','2503','TERCER LUZ DE FRENO AHUMADAS JEEP GRAND CHEROKEE 1999 - 2005','15','15','UND',750,'8a8ce6ed346cc2c4013485de799d0001','mocarman','2011-12-30 09:06:49',NULL),('444','2','2018','PAR DE MICAS LED CROMADAS JEEP GRAND CHEROKEE 2006 - 2009','15','15','UND',3000,'8a8ce6ed346cc2c4013485de799d0001','mocarman','2011-12-30 09:08:28',NULL),('445','3','2019','PAR DE MICAS LED AHUMADAS JEEP GRAND CHEROKEE 2006 - 2010','15','15','UND',3200,'8a8ce6ed346cc2c4013485de799d0001','mocarman','2011-12-30 09:09:34',NULL),('446','2','2020','MICAS LED TOYOTA CELICA CROMADAS 2000 - 2005','15','16','UND',2500,'8a8ce6ed346cc2c4013485de799d0001','mocarman','2011-12-30 09:11:57',NULL),('447','1','2021','PAR DE MICAS LED AHUMADAS TOYOTA CELICA 2000 - 2005','15','16','UND',2300,'8a8ce6ed346cc2c4013485de799d0001','mocarman','2011-12-30 09:13:58',NULL),('448','3','2022','PAR DE MICAS LED FONDO NEGRO TOYOTA YARIS 2006 - 2009','15','17','UND',2900,'8a8ce6ed346cc2c4013485de799d0001','mocarman','2011-12-30 09:18:12',NULL),('449','2','2504','TERCER LUZ DE FRENO LED TOYOTA 4RUNNER  AHUMADAS 2003 - 2005','15','18','UND',700,'8a8ce6ed346cc2c4013485de799d0001','mocarman','2011-12-30 09:20:50',NULL),('45','1','6508','JUEGO DE BAÑO NAVIDAD RASO ','1','1','UND',30,'402880e5316ad7d601316adb99060001','manfergo25','2009-01-27 00:00:00',NULL),('450','2','3011','BASE M3M 10-11 CAVALIER 4 PUERTAS 1995 - 2001','16','7','UND',90,'8a8ce6ed346cc2c4013485de799d0001','mocarman','2011-12-30 18:50:55',NULL),('451','2','3010','BASE M3M 10-12 CAVALIER Z24 2 PUERTAS 1995 - 2001','16','7','UND',90,'8a8ce6ed346cc2c4013485de799d0001','mocarman','2011-12-30 18:54:52',NULL),('452','0','3012','BASE M3M 10-9 DODGE NEON 1996 - 1999','16','9','UND',90,'8a8ce6ed346cc2c4013485de799d0001','mocarman','2011-12-30 19:03:25',NULL),('453','0','3013','BASE M3M 10-10 DODGE NEON 1999 - 2006','16','9','UND',90,'8a8ce6ed346cc2c4013485de799d0001','mocarman','2011-12-30 19:04:37',NULL),('454','1','3014','BASE M3M 05-04 FORD FOCUS 2000 - 2008','16','11','UND',90,'8a8ce6ed346cc2c4013485de799d0001','mocarman','2011-12-30 19:06:50',NULL),('455','1','3000','RETROVISORES LED AMARILLOS ELECTRICOS','16','24','UND',1000,'8a8ce6ed346cc2c4013485de799d0001','mocarman','2011-12-30 19:16:50',NULL),('456','1','3001','RETROVISORES LED AZUL ELECTRICOS','16','24','UND',1000,'8a8ce6ed346cc2c4013485de799d0001','mocarman','2011-12-30 19:17:25',NULL),('457','1','3002','RETROVISORES LED AMARILLOS MANUAL','16','24','UND',600,'8a8ce6ed346cc2c4013485de799d0001','mocarman','2011-12-30 19:18:21',NULL),('458','0','3015','BASE M3M 17-04 TOYOTA COROLLA 1993 - 1998','16','21','UND',90,'8a8ce6ed346cc2c4013485de799d0001','mocarman','2011-12-30 19:22:04',NULL),('459','1','1501','PAR DE FAROS DE NIEBLA OJO DE ANGEL JEEP LIBERTY 2002 - 2004','14','22','UND',980,'8a8ce6ed346cc2c4013485de799d0001','mocarman','2011-12-30 19:26:01',NULL),('46','0','6509','JUEGO DE TOALLAS DE NAVIDAD ','1','1','UND',24,'402880e5316ad7d601316adb99060001','manfergo25','2009-01-27 00:00:00',NULL),('460','4','1500','FAROS DE NIEBLA OJO DE ANGEL JEEP GRAND CHEROKEE 2006 - 2010','14','15','UND',1350,'8a8ce6ed346cc2c4013485de799d0001','mocarman','2011-12-30 19:27:15',NULL),('461','1','3300','LUZ DE CRUCE LED HUMMER H2 2002 - 2007','17','23','UND',1250,'8a8ce6ed346cc2c4013485de799d0001','mocarman','2011-12-30 19:33:23',NULL),('462','0','3301','TAPA CAJON DE LONA DODGE RAM CABINA SENCILLA TRI FOLD 6.5 PIES 2002 - 2010','17','10','UND',4500,'8a8ce6ed346cc2c4013485de799d0001','mocarman','2011-12-30 19:35:09',NULL),('463','0','3400','COBERTORES CROMADAS PARA MANILLAS FORD MUSTANG 2005 - 2008','17','13','UND',350,'8a8ce6ed346cc2c4013485de799d0001','mocarman','2011-12-30 19:38:23',NULL),('464','0','3401','COBERTORES CROMADAS PARA MANILLAS TOYOTA 4RUNNER 2003 - 2005','17','18','UND',400,'8a8ce6ed346cc2c4013485de799d0001','mocarman','2011-12-30 19:39:52',NULL),('47','0','6510','MANTEL DE TELA DE NAVIDAD RECTANGULAR ','1','1','UND',24,'402880e5316ad7d601316adb99060001','manfergo25','2009-01-27 00:00:00',NULL),('48','2','6511','PIE DE ARBOL NAVIDAD ','1','2','UND',350,'402880e5316ad7d601316adb99060001','manfergo25','2009-01-27 00:00:00','2013-09-27 14:50:47'),('49','0','7001','POPELINA EST. TEMA DE BAÑO ','1','1','UND',6.5,'402880e5316ad7d601316adb99060001','manfergo25','2009-01-27 00:00:00',NULL),('491','0','132456','1231313','12','4','UND',1300,'8a53c76f3288b65c0132914e0e570002','guest','2012-01-12 09:28:40',NULL),('492','0','05000','CORTINA ESPAÑOLA','1','1','UND',70,'402880e5316ad7d601316adb99060001','delia','2012-01-16 15:56:38',NULL),('493','0','65001','ARDELL BLACK DEMI 101','21','29','UND',25,'8a8ce6ed346cc2c40134f32bd7610004','mocar','2012-01-18 18:52:08',NULL),('494','0','65002','ARDELL BLACK 105','21','29','UND',25,'8a8ce6ed346cc2c40134f32bd7610004','mocar','2012-01-18 18:55:41',NULL),('495','0','65003','ARDELL BLACK 109','21','29','UND',25,'8a8ce6ed346cc2c40134f32bd7610004','mocar','2012-01-18 18:56:26',NULL),('496','0','65004','ARDELL BLACK 110','21','29','UND',25,'8a8ce6ed346cc2c40134f32bd7610004','mocar','2012-01-18 18:57:15',NULL),('497','0','65005','ARDELL BLACK 117','21','29','UND',25,'8a8ce6ed346cc2c40134f32bd7610004','mocar','2012-01-18 18:57:41',NULL),('498','0','65010','ARDELL WISPIES BLACK','21','29','UND',25,'8a8ce6ed346cc2c40134f32bd7610004','mocar','2012-01-18 18:58:44',NULL),('499','0','65011','ARDELL WISPIES BROWN','21','29','UND',25,'8a8ce6ed346cc2c40134f32bd7610004','mocar','2012-01-18 18:59:30',NULL),('5','8','1505','JUEGO DE BAÑO PREMIUM ','1','2','UND',95,'402880e5316ad7d601316adb99060001','manfergo25','2009-01-27 00:00:00','2013-09-27 14:40:03'),('50','0','7002','POPELINA EST. TEMA COCINA','1','1','UND',4.5,'402880e5316ad7d601316adb99060001','manfergo25','2009-01-27 00:00:00',NULL),('500','0','65012','ARDELL DEMI WISPIES BLACK','21','29','UND',25,'8a8ce6ed346cc2c40134f32bd7610004','mocar','2012-01-18 19:00:29',NULL),('501','2','65013','ARDELL DEMI WISPIES BROWN','21','29','UND',25,'8a8ce6ed346cc2c40134f32bd7610004','mocar','2012-01-18 19:01:57',NULL),('502','0','65014','ARDELL DEMI PIXIES BLACK','21','29','UND',25,'8a8ce6ed346cc2c40134f32bd7610004','mocar','2012-01-18 19:22:25',NULL),('503','0','65015','ARDELL DEMI PIXIES BROWN','21','29','UND',25,'8a8ce6ed346cc2c40134f32bd7610004','mocar','2012-01-18 19:23:16',NULL),('504','0','65016','ARDELL LUVIES BLACK','21','29','UND',25,'8a8ce6ed346cc2c40134f32bd7610004','mocar','2012-01-18 19:23:41',NULL),('505','0','65019','ARDELL SWEETIES BLACK','21','29','UND',25,'8a8ce6ed346cc2c40134f32bd7610004','mocar','2012-01-18 19:24:13',NULL),('506','0','65020','ARDELL BEAUTIES BLACK','21','29','UND',25,'8a8ce6ed346cc2c40134f32bd7610004','mocar','2012-01-18 19:25:03',NULL),('507','0','65022','ARDELL LACIES BLACK','21','29','UND',25,'8a8ce6ed346cc2c40134f32bd7610004','mocar','2012-01-18 19:25:24',NULL),('508','0','65024','ARDELL DAISY BROWN','21','29','UND',25,'8a8ce6ed346cc2c40134f32bd7610004','mocar','2012-01-18 19:25:44',NULL),('509','0','65026','ARDELL FAIRIES BLACK','21','29','UND',25,'8a8ce6ed346cc2c40134f32bd7610004','mocar','2012-01-18 19:26:07',NULL),('51','0','7003','POPELINA EST. TEMA DE BEBE','1','1','UND',4.5,'402880e5316ad7d601316adb99060001','manfergo25','2009-01-27 00:00:00',NULL),('510','0','65027','ARDELL SEXIES BLACK','21','29','UND',25,'8a8ce6ed346cc2c40134f32bd7610004','mocar','2012-01-18 19:26:36',NULL),('511','0','65029','ARDELL NAOMI','21','29','UND',25,'8a8ce6ed346cc2c40134f32bd7610004','mocar','2012-01-18 19:31:32',NULL),('512','0','65030','ARDELL LUCKIES BLACK','21','29','UND',25,'8a8ce6ed346cc2c40134f32bd7610004','mocar','2012-01-18 19:31:54',NULL),('513','0','65031','ARDELL BABIES BLACK','21','29','UND',25,'8a8ce6ed346cc2c40134f32bd7610004','mocar','2012-01-18 19:32:49',NULL),('514','0','65032','ARDELL HOTTIES BLACK','21','29','UND',25,'8a8ce6ed346cc2c40134f32bd7610004','mocar','2012-01-18 19:33:16',NULL),('515','1','65033','ARDELL SPARKLES','21','29','UND',30,'8a8ce6ed346cc2c40134f32bd7610004','mocar','2012-01-18 19:33:49',NULL),('516','0','65035','ARDELL FUN','21','29','UND',30,'8a8ce6ed346cc2c40134f32bd7610004','mocar','2012-01-18 19:34:07',NULL),('517','0','65036','ARDELL PRETTY','21','29','UND',30,'8a8ce6ed346cc2c40134f32bd7610004','mocar','2012-01-18 19:34:49',NULL),('518','0','65040','ARDELL BEAUTIFUL','21','29','UND',30,'8a8ce6ed346cc2c40134f32bd7610004','mocar','2012-01-18 19:35:15',NULL),('519','0','65041','ARDELL FANCY','21','29','UND',30,'8a8ce6ed346cc2c40134f32bd7610004','mocar','2012-01-18 19:35:31',NULL),('52','2','7004','SABANA BLANCA','7','1','MTS',12,'402880e5316ad7d601316adb99060001','manfergo25','2009-01-27 00:00:00',NULL),('520','0','65042','ARDELL FLIRTY','21','29','UND',30,'8a8ce6ed346cc2c40134f32bd7610004','mocar','2012-01-18 19:35:51',NULL),('521','0','65050','ARDELL SHORT BLACK','21','29','UND',30,'8a8ce6ed346cc2c40134f32bd7610004','mocar','2012-01-18 19:36:35',NULL),('522','0','65051','ARDELL SHORT BROWN','21','29','UND',30,'8a8ce6ed346cc2c40134f32bd7610004','mocar','2012-01-18 19:36:52',NULL),('523','0','65052','ARDELL MEDIUM BLACK','21','29','UND',30,'8a8ce6ed346cc2c40134f32bd7610004','mocar','2012-01-18 19:37:27',NULL),('524','0','65053','ARDELL MEDIUM BROWN','21','29','UND',30,'8a8ce6ed346cc2c40134f32bd7610004','mocar','2012-01-18 19:37:51',NULL),('525','0','65054','ARDELL LONG BLACK','21','29','UND',30,'8a8ce6ed346cc2c40134f32bd7610004','mocar','2012-01-18 19:38:13',NULL),('526','0','65055','ARDELL LONG BROWN','21','29','UND',30,'8a8ce6ed346cc2c40134f32bd7610004','mocar','2012-01-18 19:38:37',NULL),('527','0','65063','ARDELL COMBO BLACK','21','29','UND',30,'8a8ce6ed346cc2c40134f32bd7610004','mocar','2012-01-18 19:40:19',NULL),('528','0','65064','ARDELL COMBO BROWN','21','29','UND',30,'8a8ce6ed346cc2c40134f32bd7610004','mocar','2012-01-18 19:40:42',NULL),('529','0','65056','ARDELL LASHGRIP PEGA TRANS 1/4 OZ','22','29','UND',25,'8a8ce6ed346cc2c40134f32bd7610004','mocar','2012-01-18 19:46:11',NULL),('53','1','7005','MINIMAT','1','1','UND',4.5,'402880e5316ad7d601316adb99060001','manfergo25','2009-01-27 00:00:00',NULL),('530','0','65057','ARDELL LASHGRIP PEGA OSCURO 1/4 OZ','22','29','UND',25,'8a8ce6ed346cc2c40134f32bd7610004','mocar','2012-01-18 19:46:51',NULL),('531','2','65060','ARDELL LASHFREE REMOVEDOR','22','29','UND',25,'8a8ce6ed346cc2c40134f32bd7610004','mocar','2012-01-18 19:47:20',NULL),('532','1','130330','ARDELL LASHTITE PEGA TRANS 0.750 OZ','22','29','UND',30,'8a8ce6ed346cc2c40134f32bd7610004','mocar','2012-01-18 19:47:53',NULL),('533','0','130430','ARDELL LASHTITE PEGA OSCURO 0.750 OZ','22','29','UND',30,'8a8ce6ed346cc2c40134f32bd7610004','mocar','2012-01-18 19:48:26',NULL),('534','0','52320','ARDELL LASH MAGIC BLACK MASCARA','23','29','UND',20,'8a8ce6ed346cc2c40134f32bd7610004','mocar','2012-01-18 20:00:19',NULL),('535','1','63000','ARDELL LASH APPLICATOR','23','29','UND',20,'8a8ce6ed346cc2c40134f32bd7610004','mocar','2012-01-18 20:01:39',NULL),('536','0','68065','ARDELL BROW STENCILS','23','29','UND',30,'8a8ce6ed346cc2c40134f32bd7610004','mocar','2012-01-18 20:03:08',NULL),('537','0','68067','ARDELL BROW SCULPTING GEL','23','29','UND',35,'8a8ce6ed346cc2c40134f32bd7610004','mocar','2012-01-18 20:04:37',NULL),('538','0','75021','ARDELL BROW TRIM AND SHAPE','23','29','UND',25,'8a8ce6ed346cc2c40134f32bd7610004','mocar','2012-01-18 20:05:30',NULL),('539','0','75033','ARDELL HEATED EYE LASH CURLER','23','29','UND',30,'8a8ce6ed346cc2c40134f32bd7610004','mocar','2012-01-18 20:06:24',NULL),('54','0','7006','VICHY','1','1','UND',4.5,'402880e5316ad7d601316adb99060001','manfergo25','2009-01-27 00:00:00',NULL),('540','0','1006','HOJILLA RAYA AMARILLA','23','30','UND',115,'8a8ce6ed346cc2c40134f32bd7610004','mocar','2012-01-18 20:08:36',NULL),('541','3','2505','TERCER LUZ DE FRENO LED CHEVY SILVERADO CROMADAS 2007 - 2012','15','8','UND',850,'8a8ce6ed346cc2c4013485de799d0001','mocarman','2012-02-02 10:36:03',NULL),('542','3','2506','TERCER LUZ DE FRENO LED CHEVY SILVERADO AHUMADAS 2007 - 2012','15','8','UND',850,'8a8ce6ed346cc2c4013485de799d0001','mocarman','2012-02-02 10:36:51',NULL),('543','4','4522','CORTINA DE SALA AMERICANA','4','2','UND',180,'402880e5316ad7d601316adb99060001','delia','2012-02-07 11:02:22','2013-09-30 13:45:22'),('544','0','789','hot clothes','24','33','MTS',500,'8a53c76f3288b65c0132914e0e570002','guest','2012-02-24 23:29:08',NULL),('545','0','4550','FORRO DE MUEBLE CUADRADO','4','2','UND',1450,'402880e5316ad7d601316adb99060001','delia','2012-03-02 08:07:02','2013-10-30 16:55:30'),('546','0','4551','FORRO DE MUEBLE OSTRA','4','2','UND',1450,'402880e5316ad7d601316adb99060001','delia','2012-03-02 08:07:51','2013-10-28 18:33:56'),('547','0','123456','FORRO DE MUEBLE ESTAMPADO','1','1','UND',260,'402880e5316ad7d601316adb99060001','delia','2012-03-02 08:08:23',NULL),('548','1','2023','PAR DE MICAS LED FONDO CROMADAS TOYOTA YARIS 2006 - 2009','15','17','UND',2900,'8a8ce6ed346cc2c4013485de799d0001','mocarman','2012-03-05 13:16:28',NULL),('549','1','2024','PAR DE MICAS LED FONDO AHUMADAS TOYOTA YARIS 2006 - 2009','15','17','UND',2900,'8a8ce6ed346cc2c4013485de799d0001','mocarman','2012-03-05 13:17:41',NULL),('55','0','7007','WINBREKER','1','1','UND',4.5,'402880e5316ad7d601316adb99060001','manfergo25','2009-01-27 00:00:00',NULL),('550','0','1027','PAR DE FAROS TIPO AUDI FONDO NEGRO FORD F150 1998 - 2005','14','12','UND',2900,'8a8ce6ed346cc2c4013485de799d0001','mocarman','2012-03-05 13:33:23',NULL),('551','0','2025','PAR DE MICAS LED AHUMADAS FLARESIDE FORD F150 1998 - 2005','15','12','UND',2900,'8a8ce6ed346cc2c4013485de799d0001','mocarman','2012-03-05 13:34:55',NULL),('552','0','185089','DOCENAS PAÑOS DE COCINA','2','1','UND',138,'402880e5316ad7d601316adb99060001','delia','2012-03-14 11:59:45',NULL),('553','0','158007','FORRO DE COLCHONETAS','1','1','UND',20,'402880e5316ad7d601316adb99060001','delia','2012-03-21 11:32:10',NULL),('554','0','158008','LAMINAS 190.  O X 70','1','1','UND',130,'402880e5316ad7d601316adb99060001','delia','2012-03-21 11:32:59',NULL),('555','0','1','Relogio','25','37','UND',800,'8a73ed2e35bf77960136376eb2910001','gesualdo','2012-03-22 06:20:29',NULL),('556','3','3302','LUZ LED PARA TECHO HUMMER H2 2003 - 2007','17','23','UND',1250,'8a8ce6ed346cc2c4013485de799d0001','mocarman','2012-03-31 10:01:50',NULL),('557','1','1028','FAROS OJO DE ANGEL CHEVY SILVERADO CROMADAS 1999 - 2002','14','8','UND',3600,'8a8ce6ed346cc2c4013485de799d0001','mocarman','2012-03-31 10:28:23',NULL),('558','0','1029','PAR DE FAROS OJO DE ANGEL FONDO NEGRO CHEVY SILVERADO 1999 - 2002','14','8','UND',3300,'8a8ce6ed346cc2c4013485de799d0001','mocarman','2012-03-31 10:29:43',NULL),('559','0','3016','BASE M3M 02 04 VOLKSWAGEN GOLF 1999 - 2005','16','40','UND',90,'8a8ce6ed346cc2c4013485de799d0001','mocarman','2012-03-31 10:40:55',NULL),('56','0','7008','LAME DORADO','1','1','UND',5.5,'402880e5316ad7d601316adb99060001','manfergo25','2009-01-27 00:00:00',NULL),('560','0','1030','PAR DE FAROS TIPO TUNNING LED FONDO NEGRO AUDI A3 2006 - 2008','14','38','UND',4400,'8a8ce6ed346cc2c4013485de799d0001','mocarman','2012-03-31 10:43:55',NULL),('561','1','1031','FAROS TIPO TUNNING MAZDA 3 SEDAN NEGRO 2005 - 2009','14','39','UND',4700,'8a8ce6ed346cc2c4013485de799d0001','mocarman','2012-03-31 10:47:08',NULL),('562','0','2026','PAR DE MICAS LED AHUMADAS MAZDA 3 SEDAN 2005 - 2009','15','39','UND',3500,'8a8ce6ed346cc2c4013485de799d0001','mocarman','2012-03-31 10:48:55',NULL),('563','0','2027','PAR DE MICAS LED CROMADAS DODGE RAM 1994 - 2001','15','10','UND',3100,'8a8ce6ed346cc2c4013485de799d0001','mocarman','2012-03-31 11:05:31',NULL),('564','1','2507','TERCER LUZ DE FRENO LED DODGE RAM CROMADAS 1994 - 2001','15','10','UND',800,'8a8ce6ed346cc2c4013485de799d0001','mocarman','2012-03-31 11:07:01',NULL),('565','1','1032','FAROS OJO DE ANGEL DODGE RAM CROMADAS 2002 - 2005','14','10','UND',3600,'8a8ce6ed346cc2c4013485de799d0001','mocarman','2012-03-31 11:08:04',NULL),('566','1','1033','PAR DE FAROS OJO DE ANGEL FONDO CROMADAS CHEVY CAVALIER 1995 - 1999','14','7','UND',3000,'8a8ce6ed346cc2c4013485de799d0001','mocarman','2012-04-14 12:53:59',NULL),('567','1','1034','FAROS OJO DE ANGEL CHEVY AVALANCHE / TAHOE NEGRO 2007 - 2011','14','19','UND',4200,'8a8ce6ed346cc2c4013485de799d0001','mocarman','2012-04-14 12:59:17',NULL),('568','3','1035','FAROS OJO DE ANGEL FORD EXPLORER CROMADAS 1995 - 2001','14','41','UND',3800,'8a8ce6ed346cc2c4013485de799d0001','mocarman','2012-04-14 13:15:40',NULL),('569','3','2028','PAR DE MICAS LED AHUMADAS CHEVY CAVALIER 1995 - 2002','15','7','UND',1800,'8a8ce6ed346cc2c4013485de799d0001','mocarman','2012-04-14 13:32:59',NULL),('57','0','7009','PEELER TCM','1','1','UND',6,'402880e5316ad7d601316adb99060001','manfergo25','2009-01-27 00:00:00',NULL),('570','4','2029','MICAS LED CHEVY CAVALIER CROMADAS 1995 - 2002','15','7','UND',2000,'8a8ce6ed346cc2c4013485de799d0001','mocarman','2012-04-14 13:34:13',NULL),('571','3','2030','PAR DE MICAS LED ROJAS CHEVY CAVALIER 1995 - 2002','15','7','UND',1800,'8a8ce6ed346cc2c4013485de799d0001','mocarman','2012-04-14 13:35:36',NULL),('572','2','2031','MICAS FORD FOCUS HATCHBACK CROMADAS 2000 - 2008','15','11','UND',2200,'8a8ce6ed346cc2c4013485de799d0001','mocarman','2012-04-14 13:46:46',NULL),('573','3','2032','MICAS FORD FOCUS HATCHBACK NEGROS 2000 - 2008','15','11','UND',2200,'8a8ce6ed346cc2c4013485de799d0001','mocarman','2012-04-14 13:47:23',NULL),('574','2','2033','MICAS FORD FOCUS 4 PUERTAS CROMADAS 2000 - 2008','15','11','UND',2200,'8a8ce6ed346cc2c4013485de799d0001','mocarman','2012-04-14 13:48:05',NULL),('575','1','12056','FORRO DE MUEBLES JACQUARD CUADRADO','4','1','UND',350,'402880e5316ad7d601316adb99060001','manfergo25','2012-04-16 11:07:15','2013-09-27 15:13:34'),('576','3','1036','FAROS OJO DE ANGEL FORD RANGER CROMADAS 2002 - 2008','14','42','UND',4200,'8a8ce6ed346cc2c4013485de799d0001','mocarman','2012-04-17 18:53:26',NULL),('577','1','2034','MICAS LED CHEVY AVALANCHE AHUMADAS 2007 - 2012','15','19','UND',3800,'8a8ce6ed346cc2c4013485de799d0001','mocarman','2012-04-17 19:01:41',NULL),('578','1','2035','MICAS LED VOLKSWAGEN JETTA AHUMADAS 1999 - 2004','15','43','UND',2200,'8a8ce6ed346cc2c4013485de799d0001','mocarman','2012-04-17 19:04:03',NULL),('579','0','1600','PAR DE LUCES LED FONDO NEGRO UNIVERSAL','14','24','UND',1600,'8a8ce6ed346cc2c4013485de799d0001','mocarman','2012-04-24 15:37:41',NULL),('58','5','7012','TAFETA','7','1','MTS',4.7,'402880e5316ad7d601316adb99060001','manfergo25','2009-01-27 00:00:00',NULL),('580','2','1502','FAROS DE NIEBLA OJO DE ANGEL FORD F150 2006 - 2008','14','12','UND',1450,'8a8ce6ed346cc2c4013485de799d0001','mocarman','2012-04-24 15:39:20',NULL),('581','2','1037','FAROS OJO DE ANGEL FORD F150 CROMADAS 2005 - 2008','14','12','UND',3600,'8a8ce6ed346cc2c4013485de799d0001','mocarman','2012-04-24 15:40:48',NULL),('582','3','1038','FAROS TIPO TUNNING VOLKSWAGEN JETTA NEGRO 2006 - 2009','14','43','UND',4600,'8a8ce6ed346cc2c4013485de799d0001','mocarman','2012-04-24 15:42:53',NULL),('583','0','10888966','TELA SABANA','1','1','UND',12,'402880e5316ad7d601316adb99060001','delia','2012-04-25 14:49:28',NULL),('584','0','1132','Test','12','4','UND',800,'8a53c76f3288b65c0132914e0e570002','guest','2012-04-27 02:41:13',NULL),('585','0','212312','www','12','4','UND',999,'8a53c76f3288b65c0132914e0e570002','guest','2012-04-27 02:41:30',NULL),('586','0','111','Test','12','4','UND',10000,'8a53c76f3288b65c0132914e0e570002','guest','2012-04-27 02:41:50',NULL),('587','1','1001','BOLSAS DE YUTE 1','20','28','UND',15,'8a8ce6ed346cc2c40134c30d760f0003','fundator','2012-04-30 05:22:18',NULL),('588','0','1002','BOLSAS DE YUTE 2','20','28','UND',15,'8a8ce6ed346cc2c40134c30d760f0003','fundator','2012-05-07 12:12:01',NULL),('589','1','2036','MICAS LED DODGE RAM CROMADAS 2002 - 2005','15','10','UND',3400,'8a8ce6ed346cc2c4013485de799d0001','mocarman','2012-05-14 19:03:07',NULL),('59','0','7501','TRENCILLA ELASTICA','1','1','UND',3,'402880e5316ad7d601316adb99060001','manfergo25','2009-01-27 00:00:00',NULL),('590','0','686467','Redwine','26','45','UND',15,'8a53c76f3288b65c0132914e0e570002','guest','2012-05-23 11:59:21',NULL),('591','0','50080009','TELA DE MALLA REDONDO','1','1','UND',980,'402880e5316ad7d601316adb99060001','delia','2012-05-31 09:03:04',NULL),('592','0','60895623','TELA DE MALLA RECTANGULAR','1','1','UND',0,'402880e5316ad7d601316adb99060001','delia','2012-05-31 09:03:27',NULL),('593','1','2037','PAR DE MICAS LED ROJAS DODGE RAM 1994 - 2001','15','10','UND',3100,'8a8ce6ed346cc2c4013485de799d0001','mocarman','2012-05-31 21:46:14',NULL),('594','2','2508','TERCER LUZ DE FRENO LED DODGE RAM ROJAS 1994 - 2001','15','10','UND',800,'8a8ce6ed346cc2c4013485de799d0001','mocarman','2012-05-31 21:48:47',NULL),('595','1','1039','FAROS OJO DE ANGEL DODGE DAKOTA CROMADAS 2005 - 2007','14','46','UND',4000,'8a8ce6ed346cc2c4013485de799d0001','mocarman','2012-05-31 21:59:50',NULL),('596','0','3450','ANTENNA DE FIBRA CARBON 3 PULGADAS ROJO','17','24','UND',300,'8a8ce6ed346cc2c4013485de799d0001','mocarman','2012-05-31 22:08:11',NULL),('597','0','3451','ANTENNA DE FIBRA CARBON 3 PULGADAS NEGRO','17','24','UND',300,'8a8ce6ed346cc2c4013485de799d0001','mocarman','2012-05-31 22:08:35',NULL),('598','0','3303','LUZ LED 60 PULGADAS FRENO / RETRO / CRUCE','17','24','UND',1100,'8a8ce6ed346cc2c4013485de799d0001','mocarman','2012-05-31 22:11:56',NULL),('599','2','3304','PORTA BICICLETAS (3)','17','24','UND',1250,'8a8ce6ed346cc2c4013485de799d0001','mocarman','2012-05-31 22:13:22',NULL),('6','3','1506','JUEGO DE BAÑO 5 PIEZAS ','1','1','UND',40,'402880e5316ad7d601316adb99060001','manfergo25','2009-01-27 00:00:00',NULL),('60','1','7502','CINTA PARA JUEGO DE BAÑO','1','1','UND',0.06,'402880e5316ad7d601316adb99060001','manfergo25','2009-01-27 00:00:00',NULL),('600','0','52998632','MANTEL MALLA REDONDO','1','1','UND',33,'402880e5316ad7d601316adb99060001','delia','2012-06-06 14:55:48',NULL),('601','0','5987643','MANTEL MALLA RECTANGULAR','1','1','UND',33,'402880e5316ad7d601316adb99060001','delia','2012-06-06 15:00:28',NULL),('602','0','529436113','TELA DE TAPICERIA JACKAR','1','1','UND',23,'402880e5316ad7d601316adb99060001','delia','2012-06-07 17:33:16',NULL),('603','1','1003','SANDALIAS DE YUTE','28','28','UND',10,'8a8ce6ed346cc2c40134c30d760f0003','fundator','2012-06-15 06:57:07',NULL),('604','1','1004','BOLSO SOBRE DE YUTE','29','28','UND',15,'8a8ce6ed346cc2c40134c30d760f0003','fundator','2012-06-15 07:00:10',NULL),('605','1','1005','BOLSO DE MORICHE','29','28','UND',15,'8a8ce6ed346cc2c40134c30d760f0003','fundator','2012-06-15 07:01:32',NULL),('606','0','1006','CINTURON DE MORICHE','30','28','UND',15,'8a8ce6ed346cc2c40134c30d760f0003','fundator','2012-06-15 07:02:04',NULL),('607','0','1007','BOLSO GRANDE DE YUTE','29','28','UND',20,'8a8ce6ed346cc2c40134c30d760f0003','fundator','2012-06-15 07:02:49',NULL),('608','1','1008','BOLSA DE COMPRA RECICLADO','29','28','UND',2.5,'8a8ce6ed346cc2c40134c30d760f0003','fundator','2012-06-15 07:03:27',NULL),('609','0','1009','BOLSO DE MORICHE CHINCHORO','29','28','UND',15,'8a8ce6ed346cc2c40134c30d760f0003','fundator','2012-06-15 07:04:28',NULL),('61','0','7503','CINTA DE 45 MM SESGO ','1','1','UND',0.35,'402880e5316ad7d601316adb99060001','manfergo25','2009-01-27 00:00:00',NULL),('610','0','1010','CINTURON VARIADO','30','28','UND',15,'8a8ce6ed346cc2c40134c30d760f0003','fundator','2012-06-15 07:06:08',NULL),('611','0','5466','Vestido azul','31','47','UND',50,'8a569bd537e6d4c50137f861e7d90003','tester123','2012-06-16 23:36:11',NULL),('612','0','PR1','PRODUCT1','32','48','LTS',100,'8a569bd537e6d4c50138049587700004','praveen2609','2012-06-19 08:26:14',NULL),('613','0','52689331','MANTEL CON SERVILLETAS REDONDOS','1','1','UND',60,'402880e5316ad7d601316adb99060001','delia','2012-06-21 17:26:55',NULL),('614','0','417896321','MANTEL CON SERVILETAS RECTANGULAR','1','1','UND',60,'402880e5316ad7d601316adb99060001','delia','2012-06-21 17:27:24',NULL),('615','2','1002','camino a cristo','33','50','UND',1500,'8a70dfd23829af7501382ef71ed50001','acaceres','2012-06-27 13:28:53',NULL),('616','2','1001','vida feliz','33','50','UND',9990,'8a70dfd23829af7501382ef71ed50001','acaceres','2012-06-27 13:29:23',NULL),('617','3','1040','FAROS OJO DE ANGEL FORD F250/F350 SUPER DUTY CROMADAS 2005 - 2007','14','51','UND',4000,'8a8ce6ed346cc2c4013485de799d0001','mocarman','2012-07-04 12:02:07',NULL),('618','0','520698740','BOLSAS PARA MANTELES','1','1','UND',40,'402880e5316ad7d601316adb99060001','delia','2012-07-10 09:17:54',NULL),('619','0','78956464456','HABLADORES','1','1','UND',50,'402880e5316ad7d601316adb99060001','delia','2012-07-10 09:20:01',NULL),('62','1','8001','BOLSAS PARA JUEGO DE BAÑO/CORTINAS/MANTELES','1','1','UND',1,'402880e5316ad7d601316adb99060001','manfergo25','2009-01-27 00:00:00',NULL),('620','0','8963214','MANTELES MINIMAT','1','1','UND',60,'402880e5316ad7d601316adb99060001','delia','2012-07-11 12:15:29',NULL),('621','0','125986435','COBIJA INFANTIL','1','1','UND',25,'402880e5316ad7d601316adb99060001','delia','2012-07-12 15:55:53',NULL),('622','2','2509','TERCER LUZ DE FRENO LED CHEVY SILVERADO ROJAS 2007 - 2012','15','8','UND',850,'8a8ce6ed346cc2c4013485de799d0001','mocarman','2012-07-13 19:20:46',NULL),('623','2','1041','FAROS OJO DE ANGEL DODGE RAM NEGRO 2002 - 2005','14','10','UND',3600,'8a8ce6ed346cc2c4013485de799d0001','mocarman','2012-07-13 20:52:58',NULL),('624','3','1042','FAROS OJO DE ANGEL FORD RANGER NEGRO 2002 - 2008','14','42','UND',4200,'8a8ce6ed346cc2c4013485de799d0001','mocarman','2012-07-13 20:57:59',NULL),('625','2','2038','MICAS LED DODGE RAM AHUMADAS 2002 - 2005','15','10','UND',3400,'8a8ce6ed346cc2c4013485de799d0001','mocarman','2012-07-13 21:11:46',NULL),('626','4','1043','FAROS OJO DE ANGEL DODGE DAKOTA NEGRO 2005 - 2007','14','46','UND',4000,'8a8ce6ed346cc2c4013485de799d0001','mocarman','2012-07-13 21:14:48',NULL),('627','0','1044','PAR DE FAROS OJO DE ANGEL FONDO NEGRO FORD MUSTANG 2005 - 2008','14','13','UND',3200,'8a8ce6ed346cc2c4013485de799d0001','mocarman','2012-07-13 21:20:23',NULL),('628','0','1004','LCD 15\"','35','53','UND',5000,'8a70dfd23829af7501382ef71ed50001','acaceres','2012-07-26 14:55:56',NULL),('629','0','2001','LED 15\"','35','52','UND',8000,'8a70dfd23829af7501382ef71ed50001','acaceres','2012-07-26 14:57:11',NULL),('63','0','8002','BOLSAS PARA COMBOS DE COCINA','1','1','UND',0.12,'402880e5316ad7d601316adb99060001','manfergo25','2009-01-27 00:00:00',NULL),('630','0','412356987','TELA COBIJA','1','1','UND',28,'402880e5316ad7d601316adb99060001','delia','2012-07-27 10:23:23',NULL),('631','0','1489763214','MINIMAT ESTAMPADA','1','1','UND',14,'402880e5316ad7d601316adb99060001','delia','2012-07-30 09:56:57',NULL),('632','0','1236598745','COBIJAS DE CUNA','1','1','UND',45,'402880e5316ad7d601316adb99060001','delia','2012-08-09 16:55:47',NULL),('633','1','2039','MICAS JEEP GRAND CHEROKEE NEGRO 2006 - 2010','15','15','UND',2800,'8a8ce6ed346cc2c4013485de799d0001','mocarman','2012-08-12 20:51:53',NULL),('634','1','2510','TERCER LUZ DE FRENO LED DODGE RAM AHUMADAS 1994 - 2001','15','10','UND',800,'8a8ce6ed346cc2c4013485de799d0001','mocarman','2012-08-15 12:32:26',NULL),('635','1','2040','MICAS LED JEEP GRAND CHEROKEE NEGRO 1999 - 2005','15','15','UND',3800,'8a8ce6ed346cc2c4013485de799d0001','mocarman','2012-08-15 13:26:26',NULL),('636','1','3350','ESTRIBOS NEGROS CHEVY SILVERADO 1999 - 2012','17','8','UND',3300,'8a8ce6ed346cc2c4013485de799d0001','mocarman','2012-08-15 13:33:46',NULL),('637','1','1045','FAROS OJO DE ANGEL JEEP GRAND CHEROKEE CROMADAS 1999 - 2005','14','15','UND',3800,'8a8ce6ed346cc2c4013485de799d0001','mocarman','2012-08-15 13:39:27',NULL),('638','0','4569873652','SABANA NARANJA','1','1','UND',19,'402880e5316ad7d601316adb99060001','delia','2012-08-17 09:22:33',NULL),('639','0','215698743','FORRO DE COJIN','1','1','UND',9,'402880e5316ad7d601316adb99060001','delia','2012-08-23 16:10:02',NULL),('64','0','8003','BOLSAS PARA JUEGO DE CUNA','1','1','UND',1,'402880e5316ad7d601316adb99060001','manfergo25','2009-01-27 00:00:00',NULL),('640','0','879632214456','TELA FORRO DE MUEBLE','1','1','UND',12,'402880e5316ad7d601316adb99060001','delia','2012-08-24 09:30:52',NULL),('641','0','142563987','TELA JUEGO DE CUNA INFANTIL','1','1','UND',12,'402880e5316ad7d601316adb99060001','delia','2012-08-24 09:54:03',NULL),('644','2','1046','FAROS OJO DE ANGEL FORD EXPLORER NEGRO 1995 - 2001','14','41','UND',3800,'8a8ce6ed346cc2c4013485de799d0001','mocarman','2012-08-25 18:37:30',NULL),('645','0','21369879','MANTEL NAVIDAD REDONDO','1','1','UND',69,'402880e5316ad7d601316adb99060001','delia','2012-08-30 11:50:31',NULL),('646','0','1236987563','MANTEL NAVIDAD RECTANGULAR','1','1','UND',69,'402880e5316ad7d601316adb99060001','delia','2012-08-30 11:50:51',NULL),('647','0','7','misionero adultos','35','52','LTS',1500,'8a70dfd23829af7501382ef71ed50001','acaceres','2012-09-09 16:51:56',NULL),('648','0','1236594789','BOLSAS COMBOS DE COCINA','1','1','UND',2,'402880e5316ad7d601316adb99060001','delia','2012-09-21 10:12:48',NULL),('649','0','324f','awdasd','36','52','MTS',1500,'8a70dfd23829af7501382ef71ed50001','acaceres','2012-09-24 14:43:46',NULL),('65','0','8004','BOLSAS PARA PIE DE ARBOL','1','1','UND',1,'402880e5316ad7d601316adb99060001','manfergo25','2009-01-27 00:00:00',NULL),('650','0','213265987','MANTEL CREPE ESTAMPADO','1','1','UND',60,'402880e5316ad7d601316adb99060001','delia','2012-10-23 09:19:11',NULL),('651','0','365987456','MANTEL PLASTICO','1','1','UND',33,'402880e5316ad7d601316adb99060001','delia','2012-10-23 09:20:42',NULL),('652','0','25165987456','MANTEL RECTANGULAR C/SERVILLETAS','1','1','UND',72,'402880e5316ad7d601316adb99060001','delia','2012-10-23 09:40:38',NULL),('653','0','1245369875','MANTEL RECT C/SERVILLETAS','1','1','UND',72,'402880e5316ad7d601316adb99060001','delia','2012-10-23 09:44:42',NULL),('654','0','213654987','MANTEL C/SERVILLETAS RED','1','1','UND',72,'402880e5316ad7d601316adb99060001','delia','2012-10-23 09:59:15',NULL),('655','0','15659875610','TELA ALUMINIZADA UNICOLOR','1','1','UND',21,'402880e5316ad7d601316adb99060001','delia','2012-10-23 15:26:38',NULL),('656','0','123659874','DELANTAL + GUANTE NAVIDAD','1','1','UND',54,'402880e5316ad7d601316adb99060001','delia','2012-11-15 14:15:35',NULL),('66','2','9015','PROTECTOR DE COLCHON MATRIMONIAL','1','1','UND',21,'402880e5316ad7d601316adb99060001','manfergo25','2009-01-27 00:00:00',NULL),('660','9','B180106-12','CARTERA B180106 COCIDA  BEIGE','38','58','UND',783,'8a8ce6ed346cc2c401349b71f9f90002','conchitagomez52','2012-11-19 08:41:40',NULL),('661','8','B180106-10','CARTERA B180106 TELA COCIDA MARRON','38','58','UND',783,'8a8ce6ed346cc2c401349b71f9f90002','conchitagomez52','2012-11-19 09:19:34',NULL),('662','7','B180106-03','CARTERA B180106 TELA COCIDA ROJO','38','58','UND',783,'8a8ce6ed346cc2c401349b71f9f90002','conchitagomez52','2012-11-19 09:23:49',NULL),('663','9','B180106-02','CARTERA B180106 TELA COCIDA NEGRO','38','58','UND',783,'8a8ce6ed346cc2c401349b71f9f90002','conchitagomez52','2012-11-19 09:24:34',NULL),('664','4','B180102-03','CARTERA B180102 RAYAS ROJAS','38','58','UND',783,'8a8ce6ed346cc2c401349b71f9f90002','conchitagomez52','2012-11-19 09:41:03',NULL),('665','5','B180102-02','CARTERA B180102 RAYAS NEGRO','38','58','UND',783,'8a8ce6ed346cc2c401349b71f9f90002','conchitagomez52','2012-11-19 09:41:41',NULL),('666','4','B180102-10','CARTERA B180102 RAYAS MARRON','38','58','UND',783,'8a8ce6ed346cc2c401349b71f9f90002','conchitagomez52','2012-11-19 09:43:03',NULL),('67','2','9016','PROTECTOR DE COLCHON INDIVIDUAL','1','1','UND',18,'402880e5316ad7d601316adb99060001','manfergo25','2009-01-27 00:00:00',NULL),('671','1','B180103-02','CARTERA B180103 LENTEJUELAS NEGRO','38','58','UND',765,'8a8ce6ed346cc2c401349b71f9f90002','conchitagomez52','2012-11-19 10:13:10',NULL),('672','2','B180103-06','CARTERA B180103 LENTEJUELAS AZUL','38','58','UND',765,'8a8ce6ed346cc2c401349b71f9f90002','conchitagomez52','2012-11-19 10:13:32',NULL),('673','1','B180103-10','CARTERA B180103 LOIS VOITTON MARRON','38','58','UND',765,'8a8ce6ed346cc2c401349b71f9f90002','conchitagomez52','2012-11-19 10:14:22',NULL),('674','1','B170106-02','CARTERA B170106 TIPO VIEJA NEGRO','38','58','UND',765,'8a8ce6ed346cc2c401349b71f9f90002','conchitagomez52','2012-11-19 10:14:57',NULL),('675','3','H270-01-02','CARTERA H270-01 BOLSILLO PORT NEGRO','38','59','UND',678,'8a8ce6ed346cc2c401349b71f9f90002','conchitagomez52','2012-11-19 10:15:27',NULL),('676','2','H270-01-10 ','CARTERA H270-01 BOLSILLO PORT MARRON','38','59','UND',678,'8a8ce6ed346cc2c401349b71f9f90002','conchitagomez52','2012-11-19 10:15:46',NULL),('677','2','H270-01-15 ','CARTERA H270-01 BOLSILLO PORT FUCSIA','38','59','UND',678,'8a8ce6ed346cc2c401349b71f9f90002','conchitagomez52','2012-11-19 10:16:02',NULL),('678','2','SK-4502-15','CARTERA SK-4502 TRENZADA FUCSIA','38','60','UND',678,'8a8ce6ed346cc2c401349b71f9f90002','conchitagomez52','2012-11-19 10:16:37',NULL),('679','1','SK-4359C-10','CARTERA SK-4359C DURA DE RAYAS MARRON','38','60','UND',750,'8a8ce6ed346cc2c401349b71f9f90002','conchitagomez52','2012-11-19 10:41:54',NULL),('68','5','9005','MANTEL PLASTICO RED','1','1','UND',16,'402880e5316ad7d601316adb99060001','manfergo25','2009-01-27 00:00:00',NULL),('680','1','F197-02-07','CARTERA F197-02 CUERO BLANDO ROSA VIEJO','38','59','UND',600,'8a8ce6ed346cc2c401349b71f9f90002','conchitagomez52','2012-11-19 10:42:33',NULL),('681','1','F197-02-05','CARTERA F197-02 CUERO BLANDO VERDE','38','59','UND',600,'8a8ce6ed346cc2c401349b71f9f90002','conchitagomez52','2012-11-19 10:42:59',NULL),('682','1','F168-01-02','CARTERA F168-01 TACHUELAS NEGRO','38','59','UND',600,'8a8ce6ed346cc2c401349b71f9f90002','conchitagomez52','2012-11-19 10:44:23',NULL),('683','2','F168-01-16','CARTERA F168-01 TACHUELAS TURQUESA','38','59','UND',600,'8a8ce6ed346cc2c401349b71f9f90002','conchitagomez52','2012-11-19 10:45:46',NULL),('684','1','F168-01-12','CARTERA F168-01 TACHUELAS BEIGE','38','59','UND',600,'8a8ce6ed346cc2c401349b71f9f90002','conchitagomez52','2012-11-19 10:46:27',NULL),('685','1','F168-01-10','CARTERA F168-01 TACHUELAS MARRON CREMA','38','59','UND',600,'8a8ce6ed346cc2c401349b71f9f90002','conchitagomez52','2012-11-19 10:47:32',NULL),('686','1','F136-02-02','CARTERA F136-02 COFRECITO NEGRO','38','59','UND',600,'8a8ce6ed346cc2c401349b71f9f90002','conchitagomez52','2012-11-19 10:48:52',NULL),('687','1','F136-02-10','CARTERA F136-02 COFRECITO MARRON','38','59','UND',600,'8a8ce6ed346cc2c401349b71f9f90002','conchitagomez52','2012-11-19 10:49:53',NULL),('688','1','11741-02','CARTERA 11741 GRANDE NEGRO','38','59','UND',650,'8a8ce6ed346cc2c401349b71f9f90002','conchitagomez52','2012-11-19 10:51:12',NULL),('689','1','11741-10','CARTERA 11741 GRANDE MARRON','38','59','UND',650,'8a8ce6ed346cc2c401349b71f9f90002','conchitagomez52','2012-11-19 10:51:45',NULL),('69','4','9007','MANTEL PLASTICO DORADO','1','1','UND',34,'402880e5316ad7d601316adb99060001','manfergo25','2009-01-27 00:00:00',NULL),('690','1','11737-02','CARTERA 11737 PEQUEÑA NEGRO','38','59','UND',600,'8a8ce6ed346cc2c401349b71f9f90002','conchitagomez52','2012-11-19 10:52:59',NULL),('691','2','11737-12','CARTERA 11737 PEQUEÑA BEIGE','38','59','UND',600,'8a8ce6ed346cc2c401349b71f9f90002','conchitagomez52','2012-11-19 10:53:32',NULL),('692','1','11588-10','CARTERA 11588 MARRON','38','59','UND',650,'8a8ce6ed346cc2c401349b71f9f90002','conchitagomez52','2012-11-19 10:55:12',NULL),('693','1','10000123','Revista los tiempos azq','24','34','UND',1550,'8a53c76f3288b65c0132914e0e570002','guest','2012-11-20 12:24:35',NULL),('694','0','1234132','Recetas de cocina','26','4','UND',0,'8a53c76f3288b65c0132914e0e570002','guest','2012-11-28 00:42:41',NULL),('695','0','TELA ESTAMPADA COCINA 1','','1','1','UND',20,'402880e5316ad7d601316adb99060001','delia','2013-01-28 14:04:05',NULL),('696','0','212564598','TELA ESTAMPADA COCINA 2','1','1','UND',20,'402880e5316ad7d601316adb99060001','delia','2013-01-28 14:04:28',NULL),('697','0','21256459821363','TELA ESTAMPADA COCINA 2','1','1','UND',20,'402880e5316ad7d601316adb99060001','delia','2013-01-28 14:04:36',NULL),('698','0','215645895','TELA ESTAMPADA COCINA 1','1','1','UND',20,'402880e5316ad7d601316adb99060001','delia','2013-01-28 14:05:36',NULL),('699','0','589632123','SABANA BEIG','1','1','UND',27,'402880e5316ad7d601316adb99060001','delia','2013-01-31 08:15:58',NULL),('7','1','1507','JUEGO DE TOALLAS DECORADO ','1','1','UND',26,'402880e5316ad7d601316adb99060001','manfergo25','2009-01-27 00:00:00',NULL),('70','3','XXXX','** ARTICULO DESCONTINUADO **','1','1','UND',0,'402880e5316ad7d601316adb99060001','manfergo25','2009-01-27 00:00:00',NULL),('700','0','478956321','SABANA ROJA','1','1','UND',27,'402880e5316ad7d601316adb99060001','delia','2013-01-31 08:16:19',NULL),('701','0','1478953','SABANA VERDE AGUA','1','1','UND',27,'402880e5316ad7d601316adb99060001','delia','2013-01-31 08:16:46',NULL),('702','0','123654','SABANA VERDE BOTELLA','1','1','UND',27,'402880e5316ad7d601316adb99060001','delia','2013-01-31 08:17:10',NULL),('703','0','4789563218569','SABANA PERICO','1','1','UND',27,'402880e5316ad7d601316adb99060001','delia','2013-01-31 08:17:47',NULL),('704','0','3698741','SABANA AMARILLA','1','1','UND',27,'402880e5316ad7d601316adb99060001','delia','2013-01-31 08:19:24',NULL),('705','1','4987','JUEGO DE SABANA MATRIMONIAL SPECIAL NIGHT','1','2','UND',476,'402880e5316ad7d601316adb99060001','delia','2013-02-01 08:01:47','2013-09-27 14:50:29'),('706','0','1458976321','SABANA MATRIMONIAL SPECIAL NIGHT','1','1','UND',285,'402880e5316ad7d601316adb99060001','delia','2013-02-01 08:04:09',NULL),('707','0','1236597844','TELA DE MALLA','1','1','UND',18,'402880e5316ad7d601316adb99060001','delia','2013-02-05 11:01:08',NULL),('708','1','123698754','MANTEL RED ESTAMPADO','1','1','UND',98,'402880e5316ad7d601316adb99060001','delia','2013-02-06 13:44:07',NULL),('709','0','1236598741236','FUNDAS DE ALMOHADAS','1','1','UND',18,'402880e5316ad7d601316adb99060001','delia','2013-02-07 10:30:35',NULL),('71','5','9006','MANTEL PLASTICO RECT','1','1','UND',25,'402880e5316ad7d601316adb99060001','manfergo25','2009-01-27 00:00:00',NULL),('710','0','12356','FUNDAS DE ALMOHADAS','3','1','UND',18,'402880e5316ad7d601316adb99060001','delia','2013-02-07 10:31:03',NULL),('711','0','12563987455','TOALLAS BLANCAS','1','1','UND',65,'402880e5316ad7d601316adb99060001','delia','2013-02-19 16:22:28',NULL),('712','0','256369856332','RETAZOS','1','1','UND',750,'402880e5316ad7d601316adb99060001','delia','2013-02-27 14:29:07',NULL),('713','0','125636856','MANTEL RED CON SERVILLETAS','1','1','UND',98,'402880e5316ad7d601316adb99060001','delia','2013-02-27 16:48:19',NULL),('714','0','12365984','MANTEL JACKAR PREMIUM','1','1','UND',95,'402880e5316ad7d601316adb99060001','delia','2013-03-12 15:28:16',NULL),('715','0','45698745','MANTEL JACKAR OVALADO','1','1','UND',98,'402880e5316ad7d601316adb99060001','delia','2013-03-12 16:00:11',NULL),('716','0','2536524123','MANTEL RED PREMIUM','1','1','UND',95,'402880e5316ad7d601316adb99060001','delia','2013-03-18 15:51:27',NULL),('717','0','78569321','MANTEL OVALADO PREMIUM','1','1','UND',95,'402880e5316ad7d601316adb99060001','delia','2013-03-18 15:51:55',NULL),('718','0','1236598745236','MANTEL JACKAR PREMIUM RED.','1','1','UND',95,'402880e5316ad7d601316adb99060001','delia','2013-03-20 09:10:25',NULL),('719','0','12365987452365','MANTEL JACKAR C/SERVILLETAS','1','1','UND',98,'402880e5316ad7d601316adb99060001','delia','2013-03-26 15:24:33',NULL),('72','2','XXX','** ARTICULO DESCONTINUADO **','1','1','UND',0,'402880e5316ad7d601316adb99060001','manfergo25','2009-01-27 00:00:00',NULL),('720','0','2369852147','MANTEL JACKAR RECT','1','1','UND',95,'402880e5316ad7d601316adb99060001','delia','2013-04-01 17:30:38',NULL),('721','0','14789632','MANTEL JACKAR RED','1','1','UND',95,'402880e5316ad7d601316adb99060001','delia','2013-04-01 17:31:00',NULL),('722','0','258741123','MANTEL JACKAR OVALADO','1','1','UND',95,'402880e5316ad7d601316adb99060001','delia','2013-04-01 17:31:20',NULL),('723','0','256369852362','TAPETE COCINA','1','1','UND',25,'402880e5316ad7d601316adb99060001','delia','2013-04-10 15:28:18',NULL),('724','0','2589874563','MANTEL OVALDO','1','1','UND',95,'402880e5316ad7d601316adb99060001','delia','2013-05-14 09:27:23',NULL),('725','0','5699','HILO OVERLOCK','7','1','UND',50,'402880e5316ad7d601316adb99060001','com.pymenta.main.User : 2','2013-07-03 09:25:07',NULL),('726','0','25698745632','FIELTRO','1','1','UND',35,'402880e5316ad7d601316adb99060001','com.pymenta.main.User : 1','2013-07-16 09:39:04',NULL),('727','0','7435','JUEGO DE SABANA MATRIMONIAL NATURA','3','2','UND',560,'402880e5316ad7d601316adb99060001','com.pymenta.main.User : 1','2013-07-17 08:37:42','2013-09-27 14:46:17'),('728','0','256987452362563','SABANA MATRIMONIAL NATURA','1','1','UND',560,'402880e5316ad7d601316adb99060001','com.pymenta.main.User : 1','2013-07-17 08:37:52',NULL),('73','0','5507','BABEROS INFANTILES','1','1','UND',14,'402880e5316ad7d601316adb99060001','manfergo25','2009-01-27 00:00:00',NULL),('732','0','10013','ELPRIMERPR','41','63','UND',120,'402880e53fecd6a4013fed20829b0000','com.pymenta.main.User : 7','2013-07-17 16:56:45',NULL),('733','0','10002','Ermio','41','63','UND',129,'402880e53fecd6a4013fed20829b0000','com.pymenta.main.User : 7','2013-07-17 17:30:08',NULL),('734','0','100003','AnotherProducto','41','63','UND',55,'402880e53fecd6a4013fed20829b0000','com.pymenta.main.User : 7','2013-07-18 13:58:00',NULL),('735','0','10023332323','CHOCOLATE CON CHURROS','1','1','UND',231,'402880e5316ad7d601316adb99060001','com.pymenta.main.User : 2','2013-07-22 14:45:53',NULL),('736',NULL,'2003','Nuevo Prodcto','41','63','UND',100,'402880e53fecd6a4013fed20829b0000','guest','2013-07-25 17:06:09',NULL),('737',NULL,'10009','CHOCOLATE','41','63','UND',1200,'402880e53fecd6a4013fed20829b0000','guest','2013-08-01 10:12:51',NULL),('74','0','9014','COLETOS','1','1','UND',3,'402880e5316ad7d601316adb99060001','manfergo25','2009-01-27 00:00:00',NULL),('75','0','5501B','ALMOHADAS SOL Y LUNA','1','1','UND',2.5,'402880e5316ad7d601316adb99060001','manfergo25','2009-01-27 00:00:00',NULL),('750',NULL,'1504','JUEGO DE BAÑO COUNTRY','41','63','UND',80,'402880e53fecd6a4013fed20829b0000','guest','2013-08-01 16:58:51',NULL),('751',NULL,'1000','1 month service','42','64','HORAS',21,'402880e5403a6ba701403a7ac4a80000','heroku','2013-08-01 17:27:05',NULL),('752',NULL,'2000','HOUR OF INSTALLATION','42','64','HORAS',11,'402880e5403a6ba701403a7ac4a80000','heroku','2013-08-01 18:13:52',NULL),('753',NULL,'4500','CHAIR','42','64','UND',17,'402880e5403a6ba701403a7ac4a80000','heroku','2013-08-01 18:18:52',NULL),('754',NULL,'8070','JUEGO DE SABANA NATURA KING','3','2','UND',700,'402880e5316ad7d601316adb99060001','delia','2013-08-02 08:35:11','2013-09-27 14:49:30'),('755',NULL,'TELA COCINA','21236569','1','1','UND',40,'402880e5316ad7d601316adb99060001','delia','2013-08-08 15:20:45',NULL),('756',NULL,'123659841','TELA COCINA','1','1','UND',40,'402880e5316ad7d601316adb99060001','delia','2013-08-08 15:21:14',NULL),('757',NULL,'1509','Juegos pp','1','1','UND',230,'402880e5316ad7d601316adb99060001','caiman','2013-08-08 18:05:14',NULL),('758',NULL,'9080','MAQUINA DE ESTAMPAR 4x4','8','1','UND',8800,'402880e5316ad7d601316adb99060001','manfergo25','2013-08-09 08:36:15',NULL),('759',NULL,'1870','TELA DE POLIPROPILENO','7','1','MTS',8.84,'402880e5316ad7d601316adb99060001','manfergo25','2013-08-09 08:43:54',NULL),('76','1','8005','HABLADORES DE MESA DE PLANCHAR','1','1','UND',0.25,'402880e5316ad7d601316adb99060001','manfergo25','2009-01-27 00:00:00',NULL),('760',NULL,'2340','ROLLO DE 25M DE CIERRE MAGICO(MACHO Y HEMBRA)','7','1','UND',120,'402880e5316ad7d601316adb99060001','manfergo25','2013-08-09 08:46:34',NULL),('761',NULL,'3450','BASTIDOR DE SERIGRAFIA','7','1','UND',650,'402880e5316ad7d601316adb99060001','manfergo25','2013-08-09 08:49:18',NULL),('762',NULL,'3451','RACLETA DE SERIGRAFIA','7','1','UND',350,'402880e5316ad7d601316adb99060001','manfergo25','2013-08-09 08:51:09',NULL),('763',NULL,'3452','EMULSION TEXTIL PV SERIGRAFIA','7','1','UND',500,'402880e5316ad7d601316adb99060001','manfergo25','2013-08-09 08:52:16',NULL),('764',NULL,'25698741256','MANTA POLAR','1','1','UND',70,'402880e5316ad7d601316adb99060001','delia','2013-08-12 11:28:54',NULL),('765',NULL,'3522','ESQUINERO MATRIMONIAL C/ DOS FUNDAS','3','2','UND',340,'402880e5316ad7d601316adb99060001','delia','2013-08-14 10:30:08','2013-09-30 13:44:04'),('766',NULL,'25669875362','SABANA INDIVIDUAL','1','1','UND',370,'402880e5316ad7d601316adb99060001','delia','2013-08-15 09:33:59',NULL),('767',NULL,'1478963215','SABANA QUEEN','1','1','UND',560,'402880e5316ad7d601316adb99060001','delia','2013-08-15 09:34:30',NULL),('768',NULL,'2569874563','CONOS DE OVERLOK','1','1','UND',50,'402880e5316ad7d601316adb99060001','delia','2013-08-16 08:24:36',NULL),('769',NULL,'78963214456','SABANA KING','1','1','UND',700,'402880e5316ad7d601316adb99060001','delia','2013-08-16 08:28:07',NULL),('77','1','8006','HABLADORES DE JUEGOS DE BAÑO/CORTINAS/MANTELES','1','1','UND',0.3,'402880e5316ad7d601316adb99060001','manfergo25','2009-01-27 00:00:00',NULL),('770',NULL,'25698632563','COBIJA ESTAMPADA MARIMONIAL','1','1','UND',250,'402880e5316ad7d601316adb99060001','delia','2013-08-21 09:13:18',NULL),('78','0','0055','TELA DE MANTEL DE MALLA','1','1','UND',0,'402880e5316ad7d601316adb99060001','manfergo25','2009-01-27 00:00:00',NULL),('79','0','7506','HILADILLA','1','1','UND',0.07,'402880e5316ad7d601316adb99060001','manfergo25','2009-01-27 00:00:00',NULL),('8','2','1508','JUEGO DE TOALLAS LISAS ','1','1','UND',25,'402880e5316ad7d601316adb99060001','manfergo25','2009-01-27 00:00:00',NULL),('80','0','7014','ULE PLASTICO','1','1','UND',6,'402880e5316ad7d601316adb99060001','manfergo25','2009-01-27 00:00:00',NULL),('81','1','4515','** ARTICULO DESCONTINUADO **','1','1','UND',16,'402880e5316ad7d601316adb99060001','manfergo25','2009-01-27 00:00:00',NULL),('83','0','8007','HABLADOR DE FORRO DE LAVADORA','1','1','UND',0,'402880e5316ad7d601316adb99060001','manfergo25','2009-01-27 00:00:00',NULL),('84','0','7505','ROLLOS DE PEPITA','1','1','UND',80,'402880e5316ad7d601316adb99060001','manfergo25','2009-01-27 00:00:00',NULL),('85','1','7507','CIERRES 30 CM','1','1','UND',0,'402880e5316ad7d601316adb99060001','manfergo25','2009-01-27 00:00:00',NULL),('86','4','2507','CORTINA DE COCINA DE MALLA','2','1','UND',30,'402880e5316ad7d601316adb99060001','manfergo25','2009-01-27 00:00:00',NULL),('87','2','2508','CORTINA DE COCINA DE MALLA CON FARALAO','1','1','UND',25,'402880e5316ad7d601316adb99060001','manfergo25','2009-01-27 00:00:00',NULL),('88','1','1555','TOALLAS 70x40','1','1','UND',6,'402880e5316ad7d601316adb99060001','manfergo25','2009-01-27 00:00:00',NULL),('89','3','1556','TOALLAS 120 X 60','1','2','UND',125,'402880e5316ad7d601316adb99060001','manfergo25','2009-01-27 00:00:00','2013-09-27 14:34:59'),('9','2','2501','AGARRA OLLAS','1','1','UND',5,'402880e5316ad7d601316adb99060001','manfergo25','2009-01-27 00:00:00',NULL),('90','1','7000','POPELINA EST. TEMA NAVIDAD','1','1','UND',10,'402880e5316ad7d601316adb99060001','manfergo25','2009-01-27 00:00:00',NULL),('91','1','10000','SABANA UNICOLOR PARA SESGO','1','1','UND',8,'402880e5316ad7d601316adb99060001','manfergo25','2009-01-27 00:00:00',NULL),('92','2','3504','EDREDON MATRIMONIAL','1','1','UND',75,'402880e5316ad7d601316adb99060001','manfergo25','2009-01-27 00:00:00',NULL),('93','1','10001','BOTONES ','1','1','UND',0.03,'402880e5316ad7d601316adb99060001','manfergo25','2009-01-27 00:00:00',NULL),('94','1','10002','ENCAJE','1','1','UND',90,'402880e5316ad7d601316adb99060001','manfergo25','2009-01-27 00:00:00',NULL),('95','1','10003','RIBBON 11X360 MTS (CERA 100%)','1','1','UND',0,'402880e5316ad7d601316adb99060001','manfergo25','2009-01-27 00:00:00',NULL),('97','1','10004','ETIQUETAS SIN IMPRESION TAM 3X3 CM MAT. LITHO AD.','1','1','UND',0,'402880e5316ad7d601316adb99060001','manfergo25','2009-01-27 00:00:00',NULL),('98','0','1557','TOALLAS 110x50','1','1','UND',0,'402880e5316ad7d601316adb99060001','manfergo25','2009-01-27 00:00:00',NULL),('99','1','2510','COMBO DOS AGARRAOLLAS','1','1','UND',0,'402880e5316ad7d601316adb99060001','manfergo25','2009-01-27 00:00:00',NULL);
/*!40000 ALTER TABLE `products` ENABLE KEYS */;
UNLOCK TABLES;
--
-- Table structure for table `providers`
--

DROP TABLE IF EXISTS `providers`;
/*!40101 SET @saved_cs_client     = @@character_set_client */;
/*!40101 SET character_set_client = utf8 */;
CREATE TABLE `providers` (
  `id` int(11) NOT NULL AUTO_INCREMENT,
  `name` varchar(255) DEFAULT NULL,
  `created_at` datetime NOT NULL,
  `updated_at` datetime NOT NULL,
  PRIMARY KEY (`id`)
) ENGINE=InnoDB DEFAULT CHARSET=latin1;
/*!40101 SET character_set_client = @saved_cs_client */;

--
-- Dumping data for table `providers`
--

LOCK TABLES `providers` WRITE;
/*!40000 ALTER TABLE `providers` DISABLE KEYS */;
/*!40000 ALTER TABLE `providers` ENABLE KEYS */;
UNLOCK TABLES;

--
-- Table structure for table `roles`
--

DROP TABLE IF EXISTS `roles`;
/*!40101 SET @saved_cs_client     = @@character_set_client */;
/*!40101 SET character_set_client = utf8 */;
CREATE TABLE `roles` (
  `id` int(11) NOT NULL AUTO_INCREMENT,
  `name` varchar(255) DEFAULT NULL,
  `resource_id` int(11) DEFAULT NULL,
  `resource_type` varchar(255) DEFAULT NULL,
  `created_at` datetime NOT NULL,
  `updated_at` datetime NOT NULL,
  PRIMARY KEY (`id`),
  KEY `index_roles_on_name` (`name`),
  KEY `index_roles_on_name_and_resource_type_and_resource_id` (`name`,`resource_type`,`resource_id`)
) ENGINE=InnoDB DEFAULT CHARSET=latin1;
/*!40101 SET character_set_client = @saved_cs_client */;

--
-- Dumping data for table `roles`
--

LOCK TABLES `roles` WRITE;
/*!40000 ALTER TABLE `roles` DISABLE KEYS */;
/*!40000 ALTER TABLE `roles` ENABLE KEYS */;
UNLOCK TABLES;

--
-- Table structure for table `schema_migrations`
--

DROP TABLE IF EXISTS `schema_migrations`;
/*!40101 SET @saved_cs_client     = @@character_set_client */;
/*!40101 SET character_set_client = utf8 */;
CREATE TABLE `schema_migrations` (
  `version` varchar(255) NOT NULL,
  UNIQUE KEY `unique_schema_migrations` (`version`)
) ENGINE=InnoDB DEFAULT CHARSET=latin1;
/*!40101 SET character_set_client = @saved_cs_client */;

--
-- Dumping data for table `schema_migrations`
--

LOCK TABLES `schema_migrations` WRITE;
/*!40000 ALTER TABLE `schema_migrations` DISABLE KEYS */;
INSERT INTO `schema_migrations` VALUES ('20120418171104'),('20120418171110'),('20130913224704'),('20131030220237'),('20131031142647'),('20131031150737'),('20131107000336'),('20131107002237'),('20131114214311'),('20140408103342'),('20140429110129'),('20140429125703'),('20140429131151');
/*!40000 ALTER TABLE `schema_migrations` ENABLE KEYS */;
UNLOCK TABLES;

--
-- Table structure for table `users`
--

DROP TABLE IF EXISTS `users`;
/*!40101 SET @saved_cs_client     = @@character_set_client */;
/*!40101 SET character_set_client = utf8 */;
CREATE TABLE `users` (
  `id` int(11) NOT NULL AUTO_INCREMENT,
  `email` varchar(255) NOT NULL DEFAULT '',
  `encrypted_password` varchar(255) NOT NULL DEFAULT '',
  `username` varchar(255) NOT NULL DEFAULT '',
  `company_name` varchar(255) NOT NULL DEFAULT '',
  `domain` varchar(255) NOT NULL DEFAULT '',
  `name` varchar(255) NOT NULL DEFAULT '',
  `reset_password_token` varchar(255) DEFAULT NULL,
  `reset_password_sent_at` datetime DEFAULT NULL,
  `remember_created_at` datetime DEFAULT NULL,
  `sign_in_count` int(11) DEFAULT '0',
  `current_sign_in_at` datetime DEFAULT NULL,
  `last_sign_in_at` datetime DEFAULT NULL,
  `current_sign_in_ip` varchar(255) DEFAULT NULL,
  `last_sign_in_ip` varchar(255) DEFAULT NULL,
  `created_at` datetime NOT NULL,
  `updated_at` datetime NOT NULL,
  PRIMARY KEY (`id`),
  UNIQUE KEY `index_users_on_email` (`email`),
  UNIQUE KEY `index_users_on_reset_password_token` (`reset_password_token`)
) ENGINE=InnoDB AUTO_INCREMENT=2 DEFAULT CHARSET=latin1;
/*!40101 SET character_set_client = @saved_cs_client */;

--
-- Dumping data for table `users`
--

LOCK TABLES `users` WRITE;
/*!40000 ALTER TABLE `users` DISABLE KEYS */;
INSERT INTO `users` VALUES (1,'manfergo25@gmail.com','$2a$10$eyQLL8LrWOHx6.cLvywr.OHW9m42R06Wpb/p6NrIh8mHzkmLH1EPa','manfergo25','Inversiones','402880e5316ad7d601316adb99060001','',NULL,NULL,NULL,1,'2014-06-17 10:51:42','2014-06-17 10:51:42','127.0.0.1','127.0.0.1','2014-06-17 10:51:42','2014-06-17 10:51:42');
/*!40000 ALTER TABLE `users` ENABLE KEYS */;
UNLOCK TABLES;

--
-- Table structure for table `users_roles`
--

DROP TABLE IF EXISTS `users_roles`;
/*!40101 SET @saved_cs_client     = @@character_set_client */;
/*!40101 SET character_set_client = utf8 */;
CREATE TABLE `users_roles` (
  `user_id` int(11) DEFAULT NULL,
  `role_id` int(11) DEFAULT NULL,
  KEY `index_users_roles_on_user_id_and_role_id` (`user_id`,`role_id`)
) ENGINE=InnoDB DEFAULT CHARSET=latin1;
/*!40101 SET character_set_client = @saved_cs_client */;

--
-- Dumping data for table `users_roles`
--

LOCK TABLES `users_roles` WRITE;
/*!40000 ALTER TABLE `users_roles` DISABLE KEYS */;
/*!40000 ALTER TABLE `users_roles` ENABLE KEYS */;
UNLOCK TABLES;

--
-- Table structure for table `warehouses`
--

DROP TABLE IF EXISTS `warehouses`;
/*!40101 SET @saved_cs_client     = @@character_set_client */;
/*!40101 SET character_set_client = utf8 */;
CREATE TABLE `warehouses` (
  `id` int(11) NOT NULL AUTO_INCREMENT,
  `name` varchar(255) DEFAULT NULL,
  `created_at` datetime NOT NULL,
  `updated_at` datetime NOT NULL,
  PRIMARY KEY (`id`)
) ENGINE=InnoDB DEFAULT CHARSET=latin1;
/*!40101 SET character_set_client = @saved_cs_client */;

--
-- Dumping data for table `warehouses`
--

LOCK TABLES `warehouses` WRITE;
/*!40000 ALTER TABLE `warehouses` DISABLE KEYS */;
/*!40000 ALTER TABLE `warehouses` ENABLE KEYS */;
UNLOCK TABLES;
/*!40103 SET TIME_ZONE=@OLD_TIME_ZONE */;

/*!40101 SET SQL_MODE=@OLD_SQL_MODE */;
/*!40014 SET FOREIGN_KEY_CHECKS=@OLD_FOREIGN_KEY_CHECKS */;
/*!40014 SET UNIQUE_CHECKS=@OLD_UNIQUE_CHECKS */;
/*!40101 SET CHARACTER_SET_CLIENT=@OLD_CHARACTER_SET_CLIENT */;
/*!40101 SET CHARACTER_SET_RESULTS=@OLD_CHARACTER_SET_RESULTS */;
/*!40101 SET COLLATION_CONNECTION=@OLD_COLLATION_CONNECTION */;
/*!40111 SET SQL_NOTES=@OLD_SQL_NOTES */;

-- Dump completed on 2014-06-17 13:41:36
